チェック,サイト名,評価,投稿日,コメント(全体),コメント(良い点),コメント(改善点),コメント（翻訳:全体),コメント（翻訳:良い),コメント（翻訳:改善点),投稿者,レビューID
false,Booking.com,6,2026-01-31,,,,,,,Deguchi,bookingcom_348014_f63baf5ccdcdf0fc8673b08deb13ecfb
false,Booking.com,8,2026-01-31,,コーヒーとミネラルウォーターのサービスが良かった,特にない,,コーヒーとミネラルウォーターのサービスが良かった,特にない,Mic,bookingcom_348014_897d3469dfc5257607dc1caea6062892
false,Booking.com,7,2026-01-31,,スタッフの方がとても愛想良くて話しやすかったです。あと駅から近いのがよかったです。,,,スタッフの方がとても愛想良くて話しやすかったです。あと駅から近いのがよかったです。,,Reina,bookingcom_348014_f4ff672b9ef0c1bc98e5e50b5f75147c
false,Google,5,2026-01-31,チェックインで会社が禁煙ルームを予約していたが、喫煙ルームの空きを快く案内して頂けました。部屋も広く清潔で快適に過ごす事が出来ました。その節はありがとうございました。,,,チェックインで会社が禁煙ルームを予約していたが、喫煙ルームの空きを快く案内して頂けました。部屋も広く清潔で快適に過ごす事が出来ました。その節はありがとうございました。,,,水道家 スイドウヤ,google_ChIJZbpkwtNeGGARjh1SPZFp5LU_1a60127fb1b1671bb90ff550ec8333ce
false,Booking.com,4,2026-01-30,,,,,,,Shimotomai,bookingcom_348014_5fc703cbfebf6b3a17ec6dd48742999c
false,Booking.com,7,2026-01-30,,,,,,,Mayu,bookingcom_348014_af6b558807023c63799fbd13de89e6e8
false,Booking.com,7,2026-01-30,,綺麗,エアコンが、調整出来なかった。,,綺麗,エアコンが、調整出来なかった。,岩崎,bookingcom_348014_a884137d7d88e29d3f0652ff775a1078
false,Booking.com,7,2026-01-29,,,,,,,Karin,bookingcom_348014_6f21590d7d59d65b2f70878eec9b4a3e
false,Booking.com,8,2026-01-29,,ベッドが広くてゆったりできた。,特になし,,ベッドが広くてゆったりできた。,特になし,Shigetaka,bookingcom_348014_408c447f6531620d24c033c394c2c130
false,楽天トラベル,4,2026-01-29,部屋の照明が明るく、朝食が美味しく、フロント対応が良いホテル。 さらに良いホテルになって欲しいという意味であえてコメントすると、①二つ枕があるので、片方は高めの枕、もう片方は低めの枕とか、片方は硬めの枕、もう片方はソフトな枕とか、滞在者の好みで選べるようにすると良い かも　② 洗面所の栓がなくコンタクトレンズとか細かいアクセサリーを落とすと取れなくなるので、栓をつけるか排水溝フィルターをつけると良い もちろん総合点は高いので、これからもこのホテルが第一優先ホテルとして使わせていただきます。,,,部屋の照明が明るく、朝食が美味しく、フロント対応が良いホテル。 さらに良いホテルになって欲しいという意味であえてコメントすると、①二つ枕があるので、片方は高めの枕、もう片方は低めの枕とか、片方は硬めの枕、もう片方はソフトな枕とか、滞在者の好みで選べるようにすると良い かも　② 洗面所の栓がなくコンタクトレンズとか細かいアクセサリーを落とすと取れなくなるので、栓をつけるか排水溝フィルターをつけると良い もちろん総合点は高いので、これからもこのホテルが第一優先ホテルとして使わせていただきます。,,,cosmosnavy,rakuten_1747_51e35fdece817ef867743e8d0ea5a7e0
false,楽天トラベル,4,2026-01-28,10階に泊まりました。 フロントの方々はとても親切で、お部屋は3つベッドを置いても余裕があり、とてもゆっくり過ごせました。 ロビーのコーヒー＆紅茶はとても嬉しかったです。何度もいただきました！ 製氷機が壊れてたのと、トイレの流れが悪かった事が少し残念でしたが、全体的には満足でした。,,,10階に泊まりました。 フロントの方々はとても親切で、お部屋は3つベッドを置いても余裕があり、とてもゆっくり過ごせました。 ロビーのコーヒー＆紅茶はとても嬉しかったです。何度もいただきました！ 製氷機が壊れてたのと、トイレの流れが悪かった事が少し残念でしたが、全体的には満足でした。,,,♪✷♪✷♪,rakuten_1747_22414c949ecf3d25009b5d76473a28a8
false,Booking.com,9,2026-01-28,,チェックイン、チェックアウトどちらも楽 以前は鍵だった気がする？電子に変わり使い易い 日の当たるテーブルで朝御飯を食べて元気が出ました,部屋によるのかもしれませんがユニットバスと部屋の段差が怖いかなと思いました,,チェックイン、チェックアウトどちらも楽 以前は鍵だった気がする？電子に変わり使い易い 日の当たるテーブルで朝御飯を食べて元気が出ました,部屋によるのかもしれませんがユニットバスと部屋の段差が怖いかなと思いました,Tachikawa,bookingcom_348014_90b5753231bec09a617dbb52970cc3aa
false,Booking.com,8,2026-01-28,,,Đêm có tí ồn ào,,,その夜は少し騒がしかった。,Đặng,bookingcom_348014_fa931bd74011e9fd0bac6e2963bf1a87
false,Booking.com,4,2026-01-28,,Hotel fica numa boa localização,O ar condicionado é central.. então não dá pra regular temperatura. Passamos muito calor!!,,ホテルは立地が良い。,エアコンは集中式なので、温度調節ができません。とても暑くなります！,Juliana,bookingcom_348014_acf16f2856f4b97cee22f64f99975039
false,Booking.com,10,2026-01-28,,近年機械でのチェックインが増えている中、ふろんとにてあ対面でのチェックインもいいなと感じました,,,近年機械でのチェックインが増えている中、ふろんとにてあ対面でのチェックインもいいなと感じました,,Hana,bookingcom_348014_d459655bae719013b3fa3acc6533d7cd
false,Google,4,2026-01-28,横浜駅近くのKアリーナでのライブ遠征にて利用。 翌朝、早くに新幹線に乗りたかったので宿泊地を新横浜駅前で探しました。 駅から徒歩でも気にならない距離にあり便利。 22:00前までならホテルの一階にあるレストランも利用できそう。朝食はこちらで美味しかったです。朝食だけでこのホテルを選んで正解だったなと思った。 部屋は綺麗でしたが、入室してから照明のスイッチを探しました(汗)エアコン含め全て枕元で操作できるのは便利です。バスルームはシャワーの温度調整が中々難しく、子供や若い人だと上手くできないかもしれませんね。 総合的に見てまた横浜、新横浜に来ることがあったら利用したいなと思います。,,,横浜駅近くのKアリーナでのライブ遠征にて利用。 翌朝、早くに新幹線に乗りたかったので宿泊地を新横浜駅前で探しました。 駅から徒歩でも気にならない距離にあり便利。 22:00前までならホテルの一階にあるレストランも利用できそう。朝食はこちらで美味しかったです。朝食だけでこのホテルを選んで正解だったなと思った。 部屋は綺麗でしたが、入室してから照明のスイッチを探しました(汗)エアコン含め全て枕元で操作できるのは便利です。バスルームはシャワーの温度調整が中々難しく、子供や若い人だと上手くできないかもしれませんね。 総合的に見てまた横浜、新横浜に来ることがあったら利用したいなと思います。,,,Name,google_ChIJZbpkwtNeGGARjh1SPZFp5LU_a0eb391e041a6c7c1570b714597ff983
false,Google,4,2026-01-28,素晴らしいビジネスホテル、とても清潔、とてもフレンドリーなスタッフ、大きな新横浜駅に近い,,,素晴らしいビジネスホテル、とても清潔、とてもフレンドリーなスタッフ、大きな新横浜駅に近い,,,Giulio,google_ChIJZbpkwtNeGGARjh1SPZFp5LU_6d9d72fb3593b8fa4025bceb3e14c31a
false,Google,4,2026-01-28,"Ottimo business hotel, pulitissimo, personale molto gentile, vicino alla grande stazione dei treni di Shin-Yokohama",,,非常に清潔で、スタッフもとてもフレンドリーな素晴らしいビジネスホテルです。新横浜駅にも近く便利です。,,,Giulio,google_ChIJZbpkwtNeGGARjh1SPZFp5LU_2a20a6e6cccc0c4aa8d439dc513886a9
false,Booking.com,8,2026-01-27,,,,,,,Ryuta,bookingcom_348014_23bc3d4550f817542dc805dfbb457086
false,Booking.com,7,2026-01-27,,新横浜駅から近くで立地が良かった。,各部屋の騒音がうるさかった。,,新横浜駅から近くで立地が良かった。,各部屋の騒音がうるさかった。,Masaharu,bookingcom_348014_693dbdd0edc279271633ae32382632a5
false,Booking.com,4,2026-01-26,,,,,,,正宏,bookingcom_348014_621a32b7b93c51e0b0f47719839df1f0
false,Booking.com,8,2026-01-26,,素泊まりだったので良くわかりません。,素泊まりだったので良くわかりません。,,素泊まりだったので良くわかりません。,素泊まりだったので良くわかりません。,Kenichi,bookingcom_348014_72c75302f1f46c97db9d54d5cea12e07
false,楽天トラベル,2,2026-01-26,喫煙所が設置されていない,,,喫煙所が設置されていない,,,wata115,rakuten_1747_2752ded60c9fec2f6a3d75f729a3ec20
false,Booking.com,5,2026-01-26,,スタッフの方の対応が親切丁寧,施設設備が少し古く感じました,,スタッフの方の対応が親切丁寧,施設設備が少し古く感じました,Toshitaka,bookingcom_348014_2c034fca09e3056c154aded21d116545
false,Booking.com,7,2026-01-26,,,,,,,Kazuya,bookingcom_348014_5c209438a3f60c19e4b5434d10ff3e5d
false,Booking.com,6,2026-01-25,,,,,,,志渡,bookingcom_348014_df18f08607b7ab067af1993cce96e75e
false,Booking.com,9,2026-01-25,,新横浜駅からも近く、かつリーズナブルな価格帯でした。,蛇口が熱湯が出る古いタイプで、冷水の蛇口と調節しないといけなかったので、ちょっとめんどくさかったです。,,新横浜駅からも近く、かつリーズナブルな価格帯でした。,蛇口が熱湯が出る古いタイプで、冷水の蛇口と調節しないといけなかったので、ちょっとめんどくさかったです。,Mayuko,bookingcom_348014_165429c1cf16c4332cfa57153aa1c69e
false,Booking.com,9,2026-01-25,,無料コーヒーあり 荷物預かり,,,無料コーヒーあり 荷物預かり,,Junji,bookingcom_348014_6dde4383d9e14ab87f244089e32f94ae
false,Booking.com,8,2026-01-25,,,バスとトイレの仕切りのカーテンの匂いが気になった,,,バスとトイレの仕切りのカーテンの匂いが気になった,Saya,bookingcom_348014_47867728cb55e5cc805cb83b9ccc361f
false,Booking.com,9,2026-01-25,,スタッフの方の対応がとても良かったです。,声がまあまあ聞こえる,,スタッフの方の対応がとても良かったです。,声がまあまあ聞こえる,Chinami,bookingcom_348014_0611f30eceba66381e02492b507f47ff
false,Booking.com,5,2026-01-25,,,トイレの便座がずれていた。臭い。  鏡の椅子が。ベットでだせれず、座りにくい。,,,トイレの便座がずれていた。臭い。  鏡の椅子が。ベットでだせれず、座りにくい。,かよちゃん,bookingcom_348014_ff024c25d33ec2a6a56498c30252921d
false,Booking.com,6,2026-01-25,,ホテルの部屋は普通です。  今回OPで朝食つけましたが、とても美味しく頂きました。  地下鉄からも然程遠くなく、便利な場所です。,荷物置き場が有れば便利,,ホテルの部屋は普通です。  今回OPで朝食つけましたが、とても美味しく頂きました。  地下鉄からも然程遠くなく、便利な場所です。,荷物置き場が有れば便利,Masami,bookingcom_348014_006ea8a5a5eed8df93ac90834efd1294
false,Booking.com,8,2026-01-25,,,,,,,Erica,bookingcom_348014_a9407b215a1c31accde25276bb25af00
false,Booking.com,7,2026-01-25,,スタッフの対応がよく、ウェルカムドリンクが良かったです。,清潔だが、全体的に年数が感じられた。,,スタッフの対応がよく、ウェルカムドリンクが良かったです。,清潔だが、全体的に年数が感じられた。,カヨ,bookingcom_348014_607899a839364c1db63d64eb9b2a39c3
false,じゃらん,3,2026-01-25,朝食は無添加という事で身体には良さそうだなとは思ったが、正直味は期待してなかった。が、良い意味で期待を裏切られ大変おいしく頂いた。ただフロントの人が朝食ありを朝食無しと間違い少しモメて非常に気分が悪かった。,,,朝食は無添加という事で身体には良さそうだなとは思ったが、正直味は期待してなかった。が、良い意味で期待を裏切られ大変おいしく頂いた。ただフロントの人が朝食ありを朝食無しと間違い少しモメて非常に気分が悪かった。,,,TOMさん,jalan_336927_f91e8835f6cb3961628e76d6e4706c64
false,じゃらん,5,2026-01-25,横浜アリーナでコンサートがあったため宿泊しました。  無料でブルーレイプレイヤーの貸し出しをしているため毎回借りているのですが今回はケーブルが故障していたため映らなくて残念でした。  宅急便で荷物を送って頂きたい時も時間がかかったので、もう少しスムーズに出来たらいいなと思いました。  それ以外は飲食店、コンビニもありますので困ることはなく快適に過ごせました。  また宿泊させて頂きます。,,,横浜アリーナでコンサートがあったため宿泊しました。  無料でブルーレイプレイヤーの貸し出しをしているため毎回借りているのですが今回はケーブルが故障していたため映らなくて残念でした。  宅急便で荷物を送って頂きたい時も時間がかかったので、もう少しスムーズに出来たらいいなと思いました。  それ以外は飲食店、コンビニもありますので困ることはなく快適に過ごせました。  また宿泊させて頂きます。,,,リラックマちゃんさん,jalan_336927_3f931d222cb6cbcfe064b5ca0e542baf
false,Booking.com,8,2026-01-24,,"Trato de los empleados,limpieza y servicios",,,従業員の待遇、清潔さ、サービス,,ルイス,bookingcom_348014_741cb3662cbbcbe5f998a534a8a1e9f8
false,Booking.com,10,2026-01-24,,,,,,,Masaru,bookingcom_348014_7e7a485aa0f8315115eebc8f43dcbf4d
false,Google,3,2026-01-24,,,,,,,max pon,google_ChIJZbpkwtNeGGARjh1SPZFp5LU_80c14cf12fb949af88c1b945ead231d5
false,Booking.com,9,2026-01-23,,,,,,,Shogo,bookingcom_348014_f5458234534b2acce0b3926bb496d528
false,Booking.com,4,2026-01-23,,,,,,,Awazu,bookingcom_348014_0c246aa2617571801e6b16ff36c373c9
false,Booking.com,4,2026-01-23,,ごく普通に寛げた,お湯の温度調節 部屋着が浴衣でひきずる スタッフに笑顔がなく冷たい態度の人がいた。どこでもそうだがそんな人にあたると途端に印象悪くなります,,ごく普通に寛げた,お湯の温度調節 部屋着が浴衣でひきずる スタッフに笑顔がなく冷たい態度の人がいた。どこでもそうだがそんな人にあたると途端に印象悪くなります,Masami,bookingcom_348014_4503221e193a331d792fb7526c02fecf
false,Google,3,2026-01-23,,,,,,,MR. YO,google_ChIJZbpkwtNeGGARjh1SPZFp5LU_9199d70ab2946eb8254caa2c5445244a
false,Booking.com,9,2026-01-22,,,,,,,Tomoyuki,bookingcom_348014_9824e6f495968a20f3fe5d67c81b7fdb
false,楽天トラベル,4,2026-01-22,駅に近い場所で、周辺にコンビニや飲食店もあり便利な立地でした。 コスパも良かったです。 一つ気になったのは、部屋にはフロントと通話する電話がなく不便でした。（EV近くに１台電話がありました） 何かで宿泊が必要な時は、また利用しようと思います。  ,,,駅に近い場所で、周辺にコンビニや飲食店もあり便利な立地でした。 コスパも良かったです。 一つ気になったのは、部屋にはフロントと通話する電話がなく不便でした。（EV近くに１台電話がありました） 何かで宿泊が必要な時は、また利用しようと思います。  ,,,ロングヒッター333ヤード,rakuten_1747_9db9c2e9eaf858d365e093cec8e4774f
false,Booking.com,4,2026-01-22,,駅から割と近い所,設備,,駅から割と近い所,装置,Shota,bookingcom_348014_ca2a561ebfc5867a782e623e5a2bfeae
false,Booking.com,8,2026-01-22,,部屋は明るく期待以上の清潔さだった,シャワールームが暗くイメージが悪いです。,,部屋は明るく期待以上の清潔さだった,シャワールームが暗くイメージが悪いです。,Nobuya,bookingcom_348014_a28bdf2b3f5d8a1467423c4f3d57b260
false,Booking.com,8,2026-01-22,,落ち着いた雰囲気,ないです。,,落ち着いた雰囲気,ないです。,Kannaka,bookingcom_348014_d22520068148698d23c7d0d2511acc10
false,Booking.com,8,2026-01-22,,,,,,,Dai,bookingcom_348014_83dc03fa76715380075fa10ae0f071e7
false,Booking.com,7,2026-01-22,,,,,,,Takeshi,bookingcom_348014_f6eacacaf47026c278c0f5357d0b3bbf
false,Booking.com,7,2026-01-22,,,,,,,江下,bookingcom_348014_bef1c2c8203d9f461db7ac29cb503683
false,Booking.com,4,2026-01-22,,,夜中に何度もドアをノックする人がいて気持ち悪かった,,,夜中に何度もドアをノックする人がいて気持ち悪かった,Chika,bookingcom_348014_bb1aaf0ec39511743c9dc3aa09375f8a
false,Booking.com,10,2026-01-21,,,,,,,Miyu,bookingcom_348014_2da6b00947a272157ec6ace0e54e0ea1
false,Booking.com,8,2026-01-21,,緊急で部屋が取れた,とくにないですね。,,緊急で部屋が取れた,とくにないですね。,水島,bookingcom_348014_f50b27288951bc28e8883014e6cf3279
false,Booking.com,9,2026-01-21,,,,,,,Haruka,bookingcom_348014_a0f586730cae423b88ae456b8dcd1d6c
false,じゃらん,3,2026-01-21,"駅から近いのでおすすめ。  飲食店も周りに多く、困ることはないかと。  ただ他の方も口コミに書かれていたように、音が結構響く。  宿泊客のマナーがたまたま悪かったのか、そもそも壁が薄いのかはわからないが、2:00,3:00をすぎてもドタドタ聞こえた。  金額はかなり安く泊まれたので、それを考えればよしとしたいところだけど、もし客のマナーの問題ではなく、建物の壁の薄さの問題ならまた利用するかどうかは考えてしまう。",,,"駅から近いのでおすすめ。  飲食店も周りに多く、困ることはないかと。  ただ他の方も口コミに書かれていたように、音が結構響く。  宿泊客のマナーがたまたま悪かったのか、そもそも壁が薄いのかはわからないが、2:00,3:00をすぎてもドタドタ聞こえた。  金額はかなり安く泊まれたので、それを考えればよしとしたいところだけど、もし客のマナーの問題ではなく、建物の壁の薄さの問題ならまた利用するかどうかは考えてしまう。",,,めぐみさん,jalan_336927_eb96b1c0e309d4fd360fa7ba55bcaf44
false,じゃらん,4,2026-01-21,無料のコーヒーのボタンを押してもコーヒーがなかなか出てこないので、押せば出るんですよね？と聞いたら、そうですと返ってきただけだった。。。  結局強めに押したら出てきたけど。  エレベータに乗る時も、ごゆっくりお過ごしくださいませとか声をかけられることもあるけど、無言だったので冷たい感じがしました。  エアコンは昔ながらのやつで、調整は風量のみです。,,,無料のコーヒーのボタンを押してもコーヒーがなかなか出てこないので、押せば出るんですよね？と聞いたら、そうですと返ってきただけだった。。。  結局強めに押したら出てきたけど。  エレベータに乗る時も、ごゆっくりお過ごしくださいませとか声をかけられることもあるけど、無言だったので冷たい感じがしました。  エアコンは昔ながらのやつで、調整は風量のみです。,,,しまんちゅさん,jalan_336927_5364b74774127410a43cf131b79dc6ab
false,じゃらん,2,2026-01-21,"駅から近いのでおすすめ。  飲食店も周りに多く、困ることはないかと。  ただ他の方も口コミに書かれていたように、音が結構響く。  宿泊客のマナーがたまたま悪かったのか、そもそも壁が薄いのかはわからないが、2:00,3:00をすぎてもドタドタ聞こえた。  金額はかなり安く泊まれたので、それを考えればよしとしたいところだけど、もし客のマナーの問題ではなく、建物の壁の薄さの問題ならまた利用するかどうかは考えてしまう。",,,"駅から近いのでおすすめ。  飲食店も周りに多く、困ることはないかと。  ただ他の方も口コミに書かれていたように、音が結構響く。  宿泊客のマナーがたまたま悪かったのか、そもそも壁が薄いのかはわからないが、2:00,3:00をすぎてもドタドタ聞こえた。  金額はかなり安く泊まれたので、それを考えればよしとしたいところだけど、もし客のマナーの問題ではなく、建物の壁の薄さの問題ならまた利用するかどうかは考えてしまう。",,,めぐみさん,jalan_336927_f9e398c6a855a7db16155df271ca24cb
false,Booking.com,6,2026-01-20,,新横浜からの近さ,建物が古いため汚れが目立つ,,新横浜からの近さ,建物が古いため汚れが目立つ,ひよし,bookingcom_348014_01d57f8949feb2ea2cd3a86bf3f3539a
false,Booking.com,8,2026-01-20,,,,,,,Kin,bookingcom_348014_583fe10621be9611003365c7175a0e51
false,Booking.com,5,2026-01-20,,,,,,,Masato,bookingcom_348014_6e9dbb37b26dac369f9eba50e3daaf86
false,Booking.com,7,2026-01-20,,部屋が広いことと、ベッドがゆったりできるサイズだったこと。,連泊だったのですが、使ったマグカップがそのままだったこと。,,部屋が広いことと、ベッドがゆったりできるサイズだったこと。,連泊だったのですが、使ったマグカップがそのままだったこと。,Midori,bookingcom_348014_1bd7758d030a22b836c7aea8324bb0df
false,じゃらん,4,2026-01-20,今回出張で宿泊をさせていただきました。部屋もかなり広い部屋で宿泊させていただき、かなり良いと感じました。,,,今回出張で宿泊をさせていただきました。部屋もかなり広い部屋で宿泊させていただき、かなり良いと感じました。,,,ひろとさん,jalan_336927_b47dba088394d6321e735bcbd8d4c2b6
false,じゃらん,5,2026-01-20,今回出張で宿泊をさせていただきました。部屋もかなり広い部屋で宿泊させていただき、かなり良いと感じました。,,,今回出張で宿泊をさせていただきました。部屋もかなり広い部屋で宿泊させていただき、かなり良いと感じました。,,,ひろとさん,jalan_336927_3736f55cde38c9ccacedf122ac154f00
false,Booking.com,8,2026-01-19,,,,,,,Tomoko,bookingcom_348014_23857f4366f0ce109c15f9f05dbfa6e5
false,Booking.com,7,2026-01-19,,,,,,,Mao,bookingcom_348014_073b53062fc3d79287ad0493b866e255
false,Booking.com,10,2026-01-19,,,,,,,Tazuko,bookingcom_348014_d8404db22cca3a8c1f3006855193fdb7
false,Booking.com,6,2026-01-19,,新横浜駅から徒歩で数分なので非常に利便が良いです。また、付にローソンとファミマが有り必要な物も揃えやすかったです。,お風呂にあるシャンプー、リンス、ボディソープは髪や肌がガサガサになるのでオススメしません。 持参するか、新横浜駅にある薬局で旅行タイプの物を購入して使用されるのが良いです。,,新横浜駅から徒歩で数分なので非常に利便が良いです。また、付にローソンとファミマが有り必要な物も揃えやすかったです。,お風呂にあるシャンプー、リンス、ボディソープは髪や肌がガサガサになるのでオススメしません。 持参するか、新横浜駅にある薬局で旅行タイプの物を購入して使用されるのが良いです。,Yuto,bookingcom_348014_c45462a7d60dda77d2d271ee50f69aa6
false,Booking.com,6,2026-01-19,,,部屋に内線電話がない！　,,,部屋に内線電話がない！　,Yosihiko,bookingcom_348014_5797bd85eeddf24fb44284d37bf5d8ab
false,Booking.com,6,2026-01-19,,余計なものがない、ベッドは清潔感がありました,大浴場などがない,,余計なものがない、ベッドは清潔感がありました,大浴場などがない,Takaki,bookingcom_348014_9c804de9a8c2d0add1bc4748027cec90
false,Booking.com,7,2026-01-19,,,,,,,Rino,bookingcom_348014_94b325c2a98d0cd6a460fed123ddcfec
false,Google,4,2026-01-19,アリーナの帰りに宿泊させていただきました。 駅も会場も近いです。 チェックインの際のスタッフの対応も丁寧に対応なされていました。 部屋もきれいで、シャワーも大丈夫です。 電子レンジあり。 フロントに自由に飲めるコーヒーが置いてたり、アメニティは選べるようになってます。 一つ残念な店は空調で、調整が難しかったです。,,,アリーナの帰りに宿泊させていただきました。 駅も会場も近いです。 チェックインの際のスタッフの対応も丁寧に対応なされていました。 部屋もきれいで、シャワーも大丈夫です。 電子レンジあり。 フロントに自由に飲めるコーヒーが置いてたり、アメニティは選べるようになってます。 一つ残念な店は空調で、調整が難しかったです。,,,ごま,google_ChIJZbpkwtNeGGARjh1SPZFp5LU_6884b6998cfaf96cee8453b31ffac6dc
false,じゃらん,3,2026-01-19,今回、出張で3泊利用させていただきました。  お部屋の清掃は無しにしましたが、タオル類は、毎回フロントに取りに行かないといけないのが面倒でした。  せっかく、エレベータは1階から直接部屋まで行けるのに、わざわざフロントに寄らないといけなかったです。  他のホテルだと、ドアノブに掛けていただいたりするので、便利なのですが、特に、今回はフロントの方がいらっしゃる時間に戻って来れましたが、もし、いらっしゃらない時間だとタオル類はいただけなったのかと思うと、やはり不便です。,,,今回、出張で3泊利用させていただきました。  お部屋の清掃は無しにしましたが、タオル類は、毎回フロントに取りに行かないといけないのが面倒でした。  せっかく、エレベータは1階から直接部屋まで行けるのに、わざわざフロントに寄らないといけなかったです。  他のホテルだと、ドアノブに掛けていただいたりするので、便利なのですが、特に、今回はフロントの方がいらっしゃる時間に戻って来れましたが、もし、いらっしゃらない時間だとタオル類はいただけなったのかと思うと、やはり不便です。,,,Nyokoさん,jalan_336927_f88cb25d4ba0aed06e55bfe41a04ce44
false,Booking.com,2,2026-01-18,,フロントの対応は、親切であった印象。  コーヒーメイカー時間がかかり行列！香のよいところが、救われました。ありがとう。,1）洗面台の取り付けが、外れていた。  外観も台座が外れていて、ひどい状態であった。チェックインが遅くなったので、修理は、無理であろうと判断。  文句を言う気も起こらず。  2）便器ぼ、蓋とずれており。これで、高い料金を取るのか？と疑いたくなった。紹介してくれた友人には、写真を見せておきました。,,フロントの対応は、親切であった印象。  コーヒーメイカー時間がかかり行列！香のよいところが、救われました。ありがとう。,1）洗面台の取り付けが、外れていた。  外観も台座が外れていて、ひどい状態であった。チェックインが遅くなったので、修理は、無理であろうと判断。  文句を言う気も起こらず。  2）便器ぼ、蓋とずれており。これで、高い料金を取るのか？と疑いたくなった。紹介してくれた友人には、写真を見せておきました。,Kaneda,bookingcom_348014_f404f9c658309e26c0039ba53b7241b4
false,Booking.com,7,2026-01-18,,,,,,,Keita,bookingcom_348014_3313077517d422720f8410d843f4a6ff
false,Booking.com,8,2026-01-17,,1対1のコミニケーションが気持ちよかった,,,1対1のコミニケーションが気持ちよかった,,Mknyasu3,bookingcom_348014_80e076195449b1b572204932baf28b03
false,Booking.com,7,2026-01-17,,,,,,,Kazuki,bookingcom_348014_41686491cbf19087f32287e1594e5ac7
false,Booking.com,1,2026-01-17,,,,,,,加藤,bookingcom_348014_716492d004f5004dc7a853c9bc3df30c
false,Booking.com,10,2026-01-17,,,,,,,K,bookingcom_348014_abbafea85cd8912bcef10712f4dc7ae3
false,Booking.com,10,2026-01-17,,朝ご飯最高でした。  エビチリ美味しかったです。,,,朝ご飯最高でした。  エビチリ美味しかったです。,,Sakai,bookingcom_348014_01f4ffdd59ed438344bbe094c790ece3
false,楽天トラベル,5,2026-01-17,丁寧に接客頂きました。,,,丁寧に接客頂きました。,,,エドガーＧ,rakuten_1747_8fdfe84377753946b256a578a55f1c1c
false,Booking.com,7,2026-01-16,,お部屋が広くきれいにお掃除がしてあった点が良かった,特にはありません,,お部屋が広くきれいにお掃除がしてあった点が良かった,特にはありません,Yoshinuma,bookingcom_348014_0a688163e504b33515abeb70ff7bee72
false,Booking.com,7,2026-01-16,,,,,,,岩崎,bookingcom_348014_5d9ae63fa16f486b07bdd182ec0560ba
false,Google,3,2026-01-15,安く泊まれる。ベッドも快適。 一方で、致命的にシャワーの水圧が弱い、温度調整が難しかった,,,安く泊まれる。ベッドも快適。 一方で、致命的にシャワーの水圧が弱い、温度調整が難しかった,,,ユウ,google_ChIJZbpkwtNeGGARjh1SPZFp5LU_30a110b642f3340aae9f92fedca39059
false,楽天トラベル,2,2026-01-15,シャワーが弱い｡,,,シャワーが弱い｡,,,ニート全国へ,rakuten_1747_788e3ebaaf6a792874ccf6b5622d00bc
false,楽天トラベル,3,2026-01-15,普段から利用していますが、部屋によっては当たり外れがあると思います。 今回はシャワーの水圧が圧倒的に弱かったです,,,普段から利用していますが、部屋によっては当たり外れがあると思います。 今回はシャワーの水圧が圧倒的に弱かったです,,,ぺく、ひょぬ,rakuten_1747_b0ccbc56172b94502a8a9288492f51f6
false,Booking.com,10,2026-01-15,,,,,,,Ami,bookingcom_348014_99641d677c4c464bd10f17ff409eefb1
false,Booking.com,10,2026-01-15,,,,,,,Tsukasa,bookingcom_348014_3a885f03d1a93fcc84d277d60382c8f6
false,Booking.com,8,2026-01-14,,La ubicación a la estación es espléndida y tiene todo tipo de comercio alrededor,"Las instalaciones son un poco viejas y tienen pisos de fumadores, entonces el olor puede llegar a ser muy penetrante. De resto, es un gran sitio para estar, sobre todo si eres turista",,駅に近い立地は最高で、周辺にはあらゆる種類のお店が揃っています。,設備はやや古く、喫煙フロアもあるため、タバコの臭いがかなり強い場合があります。それ以外は、特に観光客の方には素晴らしい滞在先です。,Edisson,bookingcom_348014_e0977cf4a75305e06ea01f48b925605d
false,じゃらん,4,2026-01-14,新横浜から徒歩5分程度でアクセスがよかったです。  素泊まりでしたが、快適に過ごせました。また利用したいです。,,,新横浜から徒歩5分程度でアクセスがよかったです。  素泊まりでしたが、快適に過ごせました。また利用したいです。,,,ゆきんこさん,jalan_336927_507af18f7c7a21f5872a8ee038264c5e
false,Booking.com,10,2026-01-14,,,,,,,Motomu,bookingcom_348014_233eb17f0674a09f8e8e196dc4b4bef2
false,Booking.com,6,2026-01-14,,安い！,空調の調整が難しい リモコンが汚かった,,安い！,空調の調整が難しい リモコンが汚かった,Airi,bookingcom_348014_9c6bf55f2276cfbf478997d73fb89038
false,Booking.com,7,2026-01-12,,フロント横でコーヒーを淹れれた事 フロントの方の対応も良く お値段以上⭕️ 部屋の床にコーヒーをこぼしてしまった事をチェックアウト時に　女性スタッフに告げた際には、笑顔で大丈夫ですよ。と言っていただき、機会があれば　次もまたこちらに 宿泊したい！と思いました ありがとうございました。,フロント横にウォーターサーバがありましたが、部屋の冷蔵庫にペットボトルのお水があると　ありがたい,,フロント横でコーヒーを淹れれた事 フロントの方の対応も良く お値段以上⭕️ 部屋の床にコーヒーをこぼしてしまった事をチェックアウト時に　女性スタッフに告げた際には、笑顔で大丈夫ですよ。と言っていただき、機会があれば　次もまたこちらに 宿泊したい！と思いました ありがとうございました。,フロント横にウォーターサーバがありましたが、部屋の冷蔵庫にペットボトルのお水があると　ありがたい,美穂,bookingcom_348014_fc2d4be50cabd7fe87a57edfd7a3e16d
false,Booking.com,8,2026-01-12,,,,,,,Tsuji,bookingcom_348014_47df5a80d9ee2a81ef418ee0df8f2e4a
false,Booking.com,7,2026-01-12,,,,,,,Sino,bookingcom_348014_c5c1beaa386840a19ddd62c6bd05f894
false,Booking.com,8,2026-01-12,,,,,,,Masuda,bookingcom_348014_c1919ee4852d2fe4261d879dca49c17b
false,Booking.com,8,2026-01-11,,安い。駅から近い。,,,安い。駅から近い。,,佐々木,bookingcom_348014_f6bd741a8536e6c7d7e50e4a7e041a92
false,Booking.com,5,2026-01-11,,駅から近かった。 スタッフが感じ良かった。,部屋の中が狭かった。,,駅から近かった。 スタッフが感じ良かった。,部屋の中が狭かった。,Monji,bookingcom_348014_f921ead0cc90b0bcb1c6fa99739b4b8d
false,Booking.com,7,2026-01-11,,,,,,,Atsumi,bookingcom_348014_e6bdcb71381d8ac8a4391090a584f48d
false,Google,3,2026-01-10,部屋は古めですが、清潔感もあり設備は快適に利用することができました。 インターネットの速度も充分な速度です。 集中暖房のため部屋の気温のコントロールが難しいのが難点でした。,,,部屋は古めですが、清潔感もあり設備は快適に利用することができました。 インターネットの速度も充分な速度です。 集中暖房のため部屋の気温のコントロールが難しいのが難点でした。,,,Daichi Onodera,google_ChIJZbpkwtNeGGARjh1SPZFp5LU_f2c50ef3b755a4b5a76df978a605a49a
false,Booking.com,8,2026-01-10,,立地が便利,ホテル自体はとくに悪い点はないが、オフィス街ゆえ年末はコンビニが早く閉まったり弁当が少なかったりして困った,,立地が便利,ホテル自体はとくに悪い点はないが、オフィス街ゆえ年末はコンビニが早く閉まったり弁当が少なかったりして困った,Yamanaka,bookingcom_348014_39efdf87acf625c2844d30eb157216fd
false,Trip.com,7,2026-01-09,"전반적으로 만족스러운 숙소였습니다. 객실이 깔끔하고 조용해서 쉬기에 좋았고, 기본적인 시설도 잘 갖춰져 있어 불편함 없이 지낼 수 있었습니다. 위치도 나쁘지 않아 이동하기에 무리가 없었고, 가성비 면에서도 괜찮게 느껴졌습니다. 다음에 신-요코하마에 다시 온다면 다시 이용해도 좋을 것 같습니다.",,,全体的に満足のいく宿でした。客室はすっきりと静かで休憩には良かったし、基本的な設備も充実していて不便なくお過ごしいただけました。場所も悪くなく移動するのに無理がなく、コスパの面でもまともに感じられました。次に、新横浜に戻ってきたらまた利用してもいいようです。,,,ゲ‍ス‍ト,trip_1809128606
false,Booking.com,10,2026-01-09,,,,,,,Szychi,bookingcom_348014_ff274a9fa83cdb1c14c2670695405d35
false,Booking.com,10,2026-01-09,,,,,,,Kiko,bookingcom_348014_e4a7abbd09164e2fd5e364db1fd3f745
false,Trip.com,10,2026-01-09,酒店在新橫濱站附近，交通便利。在車站有特快到澀谷站，也可以方便去中目黑，吉祥寺等車站。價格比東京酒店便宜。新幹線方便去三島，小田元。,,,ホテルは新横浜駅のすぐ近くという便利な場所に位置しています。駅から渋谷駅へは特急電車が運行しており、中目黒駅や吉祥寺駅などへも簡単にアクセスできます。料金は都内のホテルよりもリーズナブルです。新幹線を利用すれば三島や小田丸へも簡単にアクセスできます。,,,Q‍i‍n‍g‍l‍a‍n‍g‍c‍h‍e‍n‍g‍m‍i‍n‍g,trip_1809247249
false,楽天トラベル,1,2026-01-09,バスルームの蛇口、湯と水別々。おまけにシャワーヘッドの繋ぎ目から水漏れ。隣室やエレベーターの音も漏れ漏れ。今時に昭和感を味わえる！,,,バスルームの蛇口、湯と水別々。おまけにシャワーヘッドの繋ぎ目から水漏れ。隣室やエレベーターの音も漏れ漏れ。今時に昭和感を味わえる！,,,不明,rakuten_1747_8af5ad093dc428f371a05b2d216bbea5
false,Booking.com,10,2026-01-09,,,,,,,,bookingcom_348014_8679416b70c43803f62eae37554d0a8c
false,Booking.com,8,2026-01-09,,とても静かで、快適に過ごせます。,,,とても静かで、快適に過ごせます。,,奈緒美,bookingcom_348014_dde48d4885af053bb51224b61a52ecf8
false,楽天トラベル,4,2026-01-09,普通に良いビジネスホテル、値段、使いやすさ、ロケーションなど全てに納得できる。コンビニも近く、レストランもあり嫌なところは一切ありません。リニューアルホテルなので、ピカピカの最新ではありませんが、綺麗に手を入れていて十分です。,,,普通に良いビジネスホテル、値段、使いやすさ、ロケーションなど全てに納得できる。コンビニも近く、レストランもあり嫌なところは一切ありません。リニューアルホテルなので、ピカピカの最新ではありませんが、綺麗に手を入れていて十分です。,,,ぷん斗,rakuten_1747_b1a7e01bb4c8aa1605082b5c79968f2e
false,楽天トラベル,5,2026-01-09,清潔感のある部屋で、ゆっくりくつろげました。 朝食のバイキングメニューが、一品一品に工夫があり美味しかったです。7:30に出なければならず、ゆっくり味わう時間がなかったのが残念でした。可能であれば、6:30〜朝食オープンしていただけると嬉しいです。また、行きたいです。,,,清潔感のある部屋で、ゆっくりくつろげました。 朝食のバイキングメニューが、一品一品に工夫があり美味しかったです。7:30に出なければならず、ゆっくり味わう時間がなかったのが残念でした。可能であれば、6:30〜朝食オープンしていただけると嬉しいです。また、行きたいです。,,,鼻ブチ,rakuten_1747_fa4727671fb7c5d96b4eb9f23a06f5e6
false,Booking.com,8,2026-01-08,,,,,,,Hasegawa,bookingcom_348014_6ce03508844348dacf3f19af40cf8ff1
false,Trip.com,10,2026-01-08,朝食が美味しかった。,,,朝食が美味しかった。,,,m‍t‍.‍c‍e‍r‍i‍c,trip_1808236770
false,Booking.com,8,2026-01-08,,,,,,,Tatsuki,bookingcom_348014_688a895b07af69a953ad612b7096b0ed
false,Booking.com,9,2026-01-07,,,,,,,Youko,bookingcom_348014_8c81f715bfedd3c1d44351b75e55e729
false,Booking.com,9,2026-01-07,,,,,,,Masako,bookingcom_348014_a7b9bd6d1990acadd831a4b1490eae63
false,Booking.com,7,2026-01-07,,,,,,,Hiroaki,bookingcom_348014_99bc1f38a8d608b9d3c8846d6f2e8fc4
false,Booking.com,4,2026-01-07,,チェックインの前に荷物を預かってくれた,エアコンの調整ができない 部屋で温度を調整できないのでお風呂上がりスイッチを切っても暑く窓をあけました,,チェックインの前に荷物を預かってくれた,エアコンの調整ができない 部屋で温度を調整できないのでお風呂上がりスイッチを切っても暑く窓をあけました,Ibuki,bookingcom_348014_24a10c85daec4eb81a2d1c331009ac37
false,Booking.com,8,2026-01-07,,,,,,,吉岡,bookingcom_348014_4921579e218558f84a59e01dd0b73f5b
false,Booking.com,6,2026-01-07,,,,,,,芳賀,bookingcom_348014_4fd057bcfa8c23bb9aedb00841dd2825
false,Booking.com,9,2026-01-06,,"El personal son muy amables y atentos a los requerimientos. La ubicación es excepcional, a 5mins caminando desde la estación.","Las instalaciones, o al menos los cuartos, son un poco viejos, pero no es un criterio de gran relevancia ante la atención y ubicación, si al fin y acabo quiere transportarte para ir a conocer. Únicamente y como tema personal, las almohadas, prefiero las almohadas delgadas pero solo tenían gruesas.",,スタッフはとても親切で、私たちのニーズに気を配ってくれます。立地も抜群で、駅から徒歩わずか5分です。,設備、少なくとも客室は少々古びていますが、サービスと立地を考えれば大きな問題ではありません。特に、観光目的で訪れるのであればなおさらです。個人的な不満は枕だけです。私は薄手の枕が好きなのですが、ここでは厚手の枕しかありませんでした。,Edisson,bookingcom_348014_8203b80b464b7be17b3b037cc4dcb40e
false,Booking.com,6,2026-01-06,,,,,,,Masami,bookingcom_348014_046aeb5e6056d26bdc800edec2860ca7
false,Booking.com,8,2026-01-06,,,,,,,Tomasz,bookingcom_348014_78e4788ab7a1dc04c525111e2cf66920
false,Google,4,2026-01-06,,,,,,,Salomon Eljadue,google_ChIJZbpkwtNeGGARjh1SPZFp5LU_9112678264bc4017639cb919c80378d4
false,Booking.com,7,2026-01-05,,,,,,,Melissa,bookingcom_348014_80fff7fe41eb78355f510882a675f5b0
false,Booking.com,8,2026-01-05,,,,,,,Minako,bookingcom_348014_603e26a9e8934606d65cd5c0b2a179d0
false,Booking.com,5,2026-01-05,,横浜アリーナや駅に近い事が良かった,トイレとバスが一緒なのは知っていましたが、アンモニア臭が少し気になりました。,,横浜アリーナや駅に近い事が良かった,トイレとバスが一緒なのは知っていましたが、アンモニア臭が少し気になりました。,Kaori,bookingcom_348014_d05b338efbf61e96ca08d6309e4f2100
false,Booking.com,8,2026-01-05,,Conforto porém a cama era dura demais,"Localização ruim, longe de tudo",,快適だったが、ベッドが硬すぎた。,立地が悪い。何をするにも遠い。,Lyo,bookingcom_348014_e680a2538a1c7b8eb9a78c28de8f519f
false,Booking.com,10,2026-01-05,,,,,,,Julye,bookingcom_348014_d7ba703843b6c82938759c6ecf8164ac
false,Booking.com,5,2026-01-05,,新横浜駅からとても近く、周辺に飲食店も多いので旅行の拠点として不便なく利用できました。空気清浄機付きの加湿器や爪切りも貸出頂きました。,空調が建物一括管理のため、暖房冷房切り替えが不可。威力のみの調整が可能でした。,,新横浜駅からとても近く、周辺に飲食店も多いので旅行の拠点として不便なく利用できました。空気清浄機付きの加湿器や爪切りも貸出頂きました。,空調が建物一括管理のため、暖房冷房切り替えが不可。威力のみの調整が可能でした。,成田,bookingcom_348014_c2959ffb653ae035884eb4aaf136c3aa
false,Booking.com,9,2026-01-05,,,,,,,Long,bookingcom_348014_a316c7d9dc75ea21c64c0af853094f11
false,楽天トラベル,2,2026-01-04,普通のビジネスホテルといった感じですが、気になる点が２つ。 風呂の温度の調節がお湯と水を合わせて調節するタイプのため､特にシャワーの場合、適温にするまで時間がかかる。 テレビの裏やベッドの下の清掃が行き届いてない。特にテレビの裏は指でなぞるとホコリが付いてくるくらい溜まっていた。ただ泊まるだけならテレビの裏は別に気にしなくても良いが、このホテルは清掃もちゃんと出来ないイメージが付いてしまった。 無人チェックイン機を置く前に部屋の清掃に労力をかけるべき。,,,普通のビジネスホテルといった感じですが、気になる点が２つ。 風呂の温度の調節がお湯と水を合わせて調節するタイプのため､特にシャワーの場合、適温にするまで時間がかかる。 テレビの裏やベッドの下の清掃が行き届いてない。特にテレビの裏は指でなぞるとホコリが付いてくるくらい溜まっていた。ただ泊まるだけならテレビの裏は別に気にしなくても良いが、このホテルは清掃もちゃんと出来ないイメージが付いてしまった。 無人チェックイン機を置く前に部屋の清掃に労力をかけるべき。,,,ぺるそな4,rakuten_1747_c90c7a37f753f6f6684b1026041c73b0
false,Booking.com,7,2026-01-04,,,,,,,Atsuko,bookingcom_348014_d3d17de60f7141c3039b5f0d966b9b4a
false,Booking.com,10,2026-01-04,,客室 ロビー 設備共に綺麗で清潔で良かった スタッフさん達の対応も良く 外国人のスタッフさんもいて海外からの旅行者も安心出来ると思った！,特になし,,客室 ロビー 設備共に綺麗で清潔で良かった スタッフさん達の対応も良く 外国人のスタッフさんもいて海外からの旅行者も安心出来ると思った！,特になし,Iijima,bookingcom_348014_db0902eddb2d9277a3d50306c88d6162
false,Booking.com,8,2026-01-04,,Localização. Custo/beneficio,Ar condicionado não esfriava e não tem regulagem de temperatura.,,立地。費用対効果。,エアコンは冷房が効かず、温度調節機能もなかった。,Ricardo,bookingcom_348014_a23b6da144f643b1611a265b91ca2ec2
false,Booking.com,7,2026-01-04,,,,,,,Tsukasa,bookingcom_348014_56e7a28cecbe872dd011da6505424eb8
false,Booking.com,8,2026-01-03,,,,,,,Shigemi,bookingcom_348014_95fd67580737cccc6e2f7718c1048ef2
false,Booking.com,6,2026-01-03,,場所がよい,とくにありません,,場所がよい,とくにありません,Hiroki,bookingcom_348014_dbdc52786df76a9b6f35facf4923c40e
false,Booking.com,8,2026-01-03,,,,,,,理子,bookingcom_348014_1cdc6731a1fbc084219be8732ac461f8
false,Booking.com,9,2026-01-02,,,,,,,Ryusei,bookingcom_348014_dee42900510b9cf420dca30030a28767
false,Booking.com,8,2026-01-02,,,,,,,Đoàn,bookingcom_348014_bce79c903e543bafadb785784baf4c9a
false,Booking.com,6,2026-01-02,,,,,,,今村,bookingcom_348014_c294c38faffe75f9d5d55e5ae96769e8
false,Booking.com,8,2026-01-02,,La amabilidad del personal.,"Era un espacio pequeño, si tienes maletas grandes, hay muy poco espacio para acomodarlas",,スタッフの親切さ。,狭いスペースだったので、大きなスーツケースを持っている場合は、置く場所がほとんどありません。,Daniela,bookingcom_348014_54088a5a099a298b3bfb27f39ce95fe6
false,Booking.com,2,2026-01-01,,"La ubicación, nada más.","La actitud desde la recepción dejó mucho que desear, las instalaciones bastante acabadas y sucias, me sorprendió mucho esto. La habitación no tenía la ventilación adecuada, calefacción ni circulación. La regadera gotea, si te bañas, toda la habitación está hirviendo.",,場所、それだけだ。,受付の対応はひどく、設備もかなり老朽化していて汚く、大変驚きました。部屋の換気、暖房、空気循環も不十分でした。シャワーは水漏れしていて、シャワーを浴びると部屋全体が熱くなりました。,Jacqueline,bookingcom_348014_431bf3d66459c58972d1fb88aa21c886
false,Booking.com,6,2026-01-01,,,シャワーを使用中にホースが外れた　掃除の際に確認した方が良いと思われます,,,シャワーを使用中にホースが外れた　掃除の際に確認した方が良いと思われます,Erina,bookingcom_348014_78aa11e73f8aca3ea9c91662c44fd5c6
false,Booking.com,5,2026-01-01,,駅から近くて、コンビニも周りに沢山あって良かった。,部屋の温度が高かった💦,,駅から近くて、コンビニも周りに沢山あって良かった。,部屋の温度が高かった💦,Mitsue,bookingcom_348014_19f06b541dd89c82c08b907410470fd6
false,Booking.com,8,2026-01-01,,,,,,,Masaru,bookingcom_348014_b62245a7e815f65694e64f240305e0b9
false,Booking.com,7,2026-02-28,,,,,,,Ryota,bookingcom_348014_60e8d1f693a4153227e0d58ad8fe8819
false,Booking.com,7,2026-02-28,,,,,,,Mutsunori,bookingcom_348014_e1ba3e917c2a0c9c6b6761c21f725dbf
false,Booking.com,5,2026-02-28,,,,,,,Hisashi,bookingcom_348014_bc178a5c0148257dd3652140dd553578
false,Booking.com,7,2026-02-28,,静かで清潔でスタッフの対応も満足のいくものだった。,,,静かで清潔でスタッフの対応も満足のいくものだった。,,Yukitoku,bookingcom_348014_e025c874e135717fc88f20f96f7705d9
false,Booking.com,7,2026-02-28,,,,,,,Ayuta,bookingcom_348014_9f449caa196234b0b9b91a5588c326fd
false,Booking.com,10,2026-02-27,,,,,,,Ishikawa,bookingcom_348014_5585867e7a60d0d47627278a77b1be14
false,Booking.com,8,2026-02-27,,,,,,,Taemi,bookingcom_348014_16bdeaf2950f3b411c1af7b628886b8c
false,Booking.com,9,2026-02-27,,部屋が綺麗。部屋をグレードアップしてくれた。スタッフも感じが良い。ゆっくりできた。,特にない,,部屋が綺麗。部屋をグレードアップしてくれた。スタッフも感じが良い。ゆっくりできた。,特にない,Nakamura,bookingcom_348014_95514569495a256ad445f0338bade720
false,Booking.com,7,2026-02-27,,,,,,,Shusuke,bookingcom_348014_7e8b0ac7e3ab5a23da49e117d9a9c099
false,Booking.com,6,2026-02-27,,朝食がバラエティでとても良かったです。,チェックインで前払しましたが、領収は帰る時で良いですか？との質問をされました。多額をお支払いしてるのだから、即領収書を発行してもらわないと不安です。例えば領収書を貰ってないと、まだ宿泊費頂いてないです!!と、言われればそれまでですよね、、,,朝食がバラエティでとても良かったです。,チェックインで前払しましたが、領収は帰る時で良いですか？との質問をされました。多額をお支払いしてるのだから、即領収書を発行してもらわないと不安です。例えば領収書を貰ってないと、まだ宿泊費頂いてないです!!と、言われればそれまでですよね、、,Ii,bookingcom_348014_86be6a7fde119706e86c778eaff2fe2d
false,Booking.com,10,2026-02-27,,,,,,,Keisuke,bookingcom_348014_835bb381ef7635e80292b003407e2f0a
false,楽天トラベル,5,2026-02-26,少し建物古いかも。シャワーの温度調節に苦労します。,,,少し建物古いかも。シャワーの温度調節に苦労します。,,,あだやん5876,rakuten_1747_d4796849aef516d2a6d6677cb5528369
false,Booking.com,9,2026-02-26,,,,,,,Yasuko,bookingcom_348014_47dc5dcb220e9e1635dcdcf91f3da37c
false,Booking.com,6,2026-02-26,,値段がそれなりで安い,室内の温度が高くて寝苦しい 窓を開ければ多少緩和されたがそれでもこの時期が寒いとはいえ、室温調節ができないのが辛かった トイレ周りが汚い,,値段がそれなりで安い,室内の温度が高くて寝苦しい 窓を開ければ多少緩和されたがそれでもこの時期が寒いとはいえ、室温調節ができないのが辛かった トイレ周りが汚い,Mochizuki,bookingcom_348014_8784c0c4cdcaac5800cfe8a58cd50c63
false,Booking.com,6,2026-02-25,,,,,,,ゆかり,bookingcom_348014_a42b7bbdf36e0436207849d0fe231e78
false,Booking.com,9,2026-02-25,,,,,,,You,bookingcom_348014_cdedc866d480ec187c50cba3aca0e2be
false,Booking.com,5,2026-02-25,,駅から近いので便利,エアコンが暖房のみだった。,,駅から近いので便利,エアコンが暖房のみだった。,恭也,bookingcom_348014_af14ab1f064e956945cf8f887adf79e8
false,Booking.com,7,2026-02-25,,,,,,,Atsuko,bookingcom_348014_385036c120c499d4ccd9a8be3e847a1a
false,Booking.com,10,2026-02-25,,雨が降ってたので、傘はありますか？と聞いてくださったこと。心配りを感じました。,古いホテルなので水回りしょうがないですね。,,雨が降ってたので、傘はありますか？と聞いてくださったこと。心配りを感じました。,古いホテルなので水回りしょうがないですね。,Maiko,bookingcom_348014_f8d6774fbecf29b1935fd5501911fcfe
false,Booking.com,2,2026-02-24,,横浜アリーナに近い,エアコン設置されてるが温度調整出来ない。風呂や机、いろんなところが破損していた。,,横浜アリーナに近い,エアコン設置されてるが温度調整出来ない。風呂や机、いろんなところが破損していた。,Masato,bookingcom_348014_705ed5fe64699604c918195eae892429
false,Booking.com,5,2026-02-24,,,,,,,Anahita,bookingcom_348014_aa5144749101282c3e7cb483994b8bb4
false,Booking.com,7,2026-02-23,,,,,,,Shiori,bookingcom_348014_cbb9fc6465dcf4e98158b16844023d10
false,Booking.com,7,2026-02-23,,,,,,,Kaitlin,bookingcom_348014_a129f528dff4094c2b40e727d8282e0e
false,Booking.com,9,2026-02-23,,,,,,,Zhangjake,bookingcom_348014_15e9047f1941ae278e6b0142d6a5cce3
false,Booking.com,9,2026-02-23,,,,,,,Mio,bookingcom_348014_0159ef7c87e2fd19629eef76d6b6af6d
false,Booking.com,4,2026-02-23,,繁華街や駅に近い,トイレの匂いが臭い！ 寝る時も気になった…,,繁華街や駅に近い,トイレの匂いが臭い！ 寝る時も気になった…,Ando,bookingcom_348014_95464936b6d0f9c19e95e7558b44d3be
false,Booking.com,7,2026-02-23,,料金よりコスパ最高でした。新横浜駅にちかくて便利でした。,あまりない。,,料金よりコスパ最高でした。新横浜駅にちかくて便利でした。,あまりない。,Lucky,bookingcom_348014_df19543edb7c2e2552d4a1767df3e9ed
false,Trip.com,8,2026-02-23,大変よいホテルで満足です,,,大変よいホテルで満足です,,,ゲ‍ス‍ト,trip_1855236334
false,じゃらん,4,2026-02-23,スタッフの方は、丁寧で対応も良かったです。  部屋も広くきれいで清潔感もあり気持ち良く  過ごせました。  ただ一つ…暖房を入れていないのに暑く冷房  が使えたらと…思いました。,,,スタッフの方は、丁寧で対応も良かったです。  部屋も広くきれいで清潔感もあり気持ち良く  過ごせました。  ただ一つ…暖房を入れていないのに暑く冷房  が使えたらと…思いました。,,,あーちゃんさん,jalan_336927_89503021b010584e74b018e11ba43cc5
false,Booking.com,7,2026-02-22,,,,,,,Kazuaki,bookingcom_348014_8a5844c45d0f92a3af49f28792fb4ed0
false,Booking.com,7,2026-02-22,,,,,,,Ryo,bookingcom_348014_4e3eec0ec654456e171247cb99763311
false,Booking.com,7,2026-02-22,,,,,,,Takafumi,bookingcom_348014_936c22009e778d136c284fb8c4aed181
false,Booking.com,3,2026-02-22,,,シャワーの水圧が使っているうちにどんどん下がってチョロチョロになりました,,,シャワーの水圧が使っているうちにどんどん下がってチョロチョロになりました,春美,bookingcom_348014_27f62240a297cd644b39cc1d098b5bc0
false,Booking.com,8,2026-02-22,,,,,,,松,bookingcom_348014_4c17994981a6dbed5061471c59d2a8fb
false,Booking.com,8,2026-02-21,,,,,,,Daisuke,bookingcom_348014_b56ef0b48f5928ed4232911e2ec82c1e
false,Booking.com,5,2026-02-21,,,,,,,Asano,bookingcom_348014_a74edfead6a504134aad4aa7bccd4b19
false,Booking.com,7,2026-02-20,,,,,,,Watanabe,bookingcom_348014_45d04a083b0273914413a39e68591120
false,Booking.com,10,2026-02-20,,全て,特にない,,全て,特にない,Miyuu,bookingcom_348014_98d4c022e0436c0076f097ce93ce5f57
false,Booking.com,7,2026-02-20,,立地条件がよかった,エアコンの温度調節ができなかったのが残念,,立地条件がよかった,エアコンの温度調節ができなかったのが残念,Eri,bookingcom_348014_4677c8cd3081e2c64ebe968ac258db88
false,Booking.com,10,2026-02-19,,,,,,,Renta,bookingcom_348014_9ca1e7d08e588a554c907fa4d16b50d6
false,Booking.com,8,2026-02-19,,,,,,,Syotarou,bookingcom_348014_41475370da50853617e397498700bab1
false,Booking.com,10,2026-02-19,,,,,,,Kanon,bookingcom_348014_edca64b8c7f294a89dc49c57c2a9171e
false,Booking.com,9,2026-02-19,,,,,,,Sora,bookingcom_348014_9f67db74f21d75852bc5911a61ac8525
false,Booking.com,5,2026-02-18,,安い,ちょっとバスルームカーテンが雑菌臭で臭いのと、トイレの流す水が少なすぎて、トイレットペーパーが初回では流れないのが不満かなあ。,,安い,ちょっとバスルームカーテンが雑菌臭で臭いのと、トイレの流す水が少なすぎて、トイレットペーパーが初回では流れないのが不満かなあ。,七條,bookingcom_348014_5a6a45f84f02ed1a667affff9b10dfe6
false,Booking.com,7,2026-02-17,,当たり前が一番いい感じ,窓の開閉しない事だけ,,当たり前が一番いい感じ,窓の開閉しない事だけ,Tadaaki,bookingcom_348014_bed4a4e43bfc505c5cc504055bdf7b91
false,Booking.com,8,2026-02-17,,,,,,,Midori,bookingcom_348014_51742ae9ebd880d231b8d7ae6a2b32c8
false,Trip.com,10,2026-02-17,신요코하마역이랑 가까워서 접근성이 정말 좋아요,,,新横浜駅に近いのでアクセシビリティが大好き,,,K‍i‍m‍3‍1,trip_1848005996
false,Booking.com,6,2026-02-17,,,シャワーの温度調整が出来なかった,,,シャワーの温度調整が出来なかった,西山,bookingcom_348014_f61b1eb56c880cfa4bd0b46d9d5136ba
false,楽天トラベル,4,2026-02-17,何度かお世話になっていますが、駅からも近く、周辺に食事をする所やコンビニも多いので便利です。 楽天トラベルからだと二次元コードからチェックインできて、スムーズに手続きできます。私はやっていませんでしたが、事前決済までやっておくと、更にチェックインが容易になると思います。 お部屋のつくりは少し古い感じもありますが、必要なものは揃っていて、不便はありません。今回はたまたまお得なプランで予約できたので、金額とのバランスは十分取れていると思います。 フロントのスタッフの皆さんは、いつも気持ちの良い対応です。 また宿泊の機会があったら、お世話になりたいと思います。 ,,,何度かお世話になっていますが、駅からも近く、周辺に食事をする所やコンビニも多いので便利です。 楽天トラベルからだと二次元コードからチェックインできて、スムーズに手続きできます。私はやっていませんでしたが、事前決済までやっておくと、更にチェックインが容易になると思います。 お部屋のつくりは少し古い感じもありますが、必要なものは揃っていて、不便はありません。今回はたまたまお得なプランで予約できたので、金額とのバランスは十分取れていると思います。 フロントのスタッフの皆さんは、いつも気持ちの良い対応です。 また宿泊の機会があったら、お世話になりたいと思います。 ,,,ブッタ211120,rakuten_1747_07096461c160788b45d4a84031e54382
false,Booking.com,8,2026-02-16,,,,,,,Takuya,bookingcom_348014_9da8e8063a7aa7de1f44e479e66f2170
false,Booking.com,5,2026-02-16,,,,,,,誠史,bookingcom_348014_72b8bacb473da2a24dd01d4681e245bf
false,Trip.com,2,2026-02-16,格安2人で六千円台は海外料金,,,格安2人で六千円台は海外料金,,,ゲ‍ス‍ト,trip_1846939262
false,Booking.com,8,2026-02-16,,,,,,,Midori,bookingcom_348014_88429406f2b4f115b032030079d4dfb4
false,Booking.com,10,2026-02-16,,,,,,,Tomomi,bookingcom_348014_161ec75784dab51010bf9fe7a47b452f
false,Booking.com,3,2026-02-15,,ロケーションは最高に良い,エレベーターに一番近い部屋だったのか宿泊客なのかスタッフの発するノイズ、隣室のいびき等がうるさくて安眠出来なかった。照明、風呂などの設備も古い。アメニティをケチっている。,,ロケーションは最高に良い,エレベーターに一番近い部屋だったのか宿泊客なのかスタッフの発するノイズ、隣室のいびき等がうるさくて安眠出来なかった。照明、風呂などの設備も古い。アメニティをケチっている。,Tetsuya,bookingcom_348014_18873bb781b523ecddf9da8b23078ab1
false,じゃらん,4,2026-02-15,駅近で利便性が良かったです。喫煙の部屋でしたが、空気清浄機が無かったので、残念ですが、部屋内は綺麗でした。,,,駅近で利便性が良かったです。喫煙の部屋でしたが、空気清浄機が無かったので、残念ですが、部屋内は綺麗でした。,,,hidemiさん,jalan_336927_72823b63839313aae6b05f547edec729
false,Booking.com,6,2026-02-15,,,,,,,Ayumi,bookingcom_348014_a687f2294820c19537dcb58b28e52456
false,Booking.com,5,2026-02-15,,,,,,,Kobayashi,bookingcom_348014_4acbb6746b3d17769678e2e7daac1713
false,Booking.com,10,2026-02-15,,,,,,,Mayuka,bookingcom_348014_2af8e3872035206a8eb8996cab601fd2
false,Booking.com,6,2026-02-15,,フロントの方が丁寧な対応をしてくれたこと。駐車場のことを尋ねると分かりやすく説明してくれた。,施設は悪くはないのですが古かったです,,フロントの方が丁寧な対応をしてくれたこと。駐車場のことを尋ねると分かりやすく説明してくれた。,施設は悪くはないのですが古かったです,Miki,bookingcom_348014_dffff0cb6851657c514095d48adb1308
false,Booking.com,8,2026-02-15,,お部屋がとても広くきれいで、掃除も行き届いていて、快適に過ごすことができました。 ベッドもひとりで寝るには十分過ぎるほどの大きさで、シーツなども清潔で熟睡できました。,設備が古いので仕方ないかと思われますが、浴槽の排水に時間がかかりました。,,お部屋がとても広くきれいで、掃除も行き届いていて、快適に過ごすことができました。 ベッドもひとりで寝るには十分過ぎるほどの大きさで、シーツなども清潔で熟睡できました。,設備が古いので仕方ないかと思われますが、浴槽の排水に時間がかかりました。,中村,bookingcom_348014_9664fbfc9c38ce5e3747f7335e7bea10
false,じゃらん,3,2026-02-15,駅近で利便性が良かったです。喫煙の部屋でしたが、空気清浄機が無かったので、残念ですが、部屋内は綺麗でした。,,,駅近で利便性が良かったです。喫煙の部屋でしたが、空気清浄機が無かったので、残念ですが、部屋内は綺麗でした。,,,hidemiさん,jalan_336927_097bd38177dd2b277dbdf11ac723821e
false,Booking.com,8,2026-02-14,,,,,,,Horii,bookingcom_348014_de258e99087f2cd92f4eaa68fd0a6a74
false,Booking.com,7,2026-02-13,,,,,,,Shibata,bookingcom_348014_2e8ebee8ba49c4bb9935929b27aa13b3
false,Booking.com,5,2026-02-13,,,,,,,板倉,bookingcom_348014_e3c63d4fe260de2211fb214715a9897f
false,Booking.com,7,2026-02-12,,暖房がきいていた。,加湿器が設置されていない。貸出をしているかもしれないが、とりに行くのが面倒。便座がずれているので、壊れないかと心配。,,暖房がきいていた。,加湿器が設置されていない。貸出をしているかもしれないが、とりに行くのが面倒。便座がずれているので、壊れないかと心配。,Akiko,bookingcom_348014_f66fcc279197069f2be937553754cdb4
false,Booking.com,7,2026-02-12,,,,,,,茉耶,bookingcom_348014_0e2092bc996bdfd2312ce312e6a43273
false,Booking.com,3,2026-02-12,,,,,,,Toshiyuki,bookingcom_348014_a58ac418fbe8a31e7f99814c765d9552
false,Booking.com,3,2026-02-12,,,エアコンのコントローラーが壊れていて、暑くて眠れなかった。,,,エアコンのコントローラーが壊れていて、暑くて眠れなかった。,Miho,bookingcom_348014_d4c9bef11683e736363e28692579b354
false,Booking.com,7,2026-02-12,,,,,,,Monica,bookingcom_348014_7ba43e4a244e78353139a44a7d679422
false,Booking.com,8,2026-02-12,,横浜アリーナから近くて宿泊費もお手頃価格でした,,,横浜アリーナから近くて宿泊費もお手頃価格でした,,Taketo,bookingcom_348014_d2ca3ccf965a1fd02b01c121ca777885
false,Booking.com,10,2026-02-12,,,,,,,Kanta,bookingcom_348014_6fe1e04a8acfb66a86502455c59ebc32
false,Booking.com,10,2026-02-12,,,,,,,Yamamoto,bookingcom_348014_170c3f8edef1e66e7a3ba303067e3b73
false,Booking.com,8,2026-02-11,,,,,,,Kumiko,bookingcom_348014_3c0ca1bbd1d76300bc3607652e62c4a3
false,Booking.com,10,2026-02-11,,,,,,,Mizuki,bookingcom_348014_3fa6e7766f15a6418bb674c094c9b927
false,Booking.com,10,2026-02-11,,,,,,,Masaharu,bookingcom_348014_3414fc540f8313467d7424c461b96e4a
false,Booking.com,8,2026-02-11,,,,,,,Ayu,bookingcom_348014_a66e8cc97062934dc107ee6f4d58197f
false,Booking.com,3,2026-02-11,,,,,,,Masahide,bookingcom_348014_1e84c6b4874962ad48cd57840f7f92b5
false,Booking.com,8,2026-02-10,,,,,,,Ichinomiya,bookingcom_348014_e79dbba7d3c1d4e0c007d142f2a2ca71
false,Booking.com,8,2026-02-10,,,,,,,Kazu,bookingcom_348014_092db420ed27709d13f66d1f0745fa2e
false,楽天トラベル,5,2026-02-10,部屋がきれいで安心しました。,,,部屋がきれいで安心しました。,,,Almond chocolate ,rakuten_1747_3f39373acf15a084f40121ce39fbb1f8
false,Booking.com,7,2026-02-10,,,,,,,Yuki,bookingcom_348014_f6c30901ee832e267cf84b83d5c5a035
false,Booking.com,6,2026-02-10,,,,,,,重子,bookingcom_348014_947e65e4501d94b8e969e549f07ef14f
false,Booking.com,9,2026-02-10,,,,,,,Misako,bookingcom_348014_e7ada4efcbf2c9e992abf6a8e299631e
false,Booking.com,8,2026-02-10,,リーズナブルで新横浜駅近くでロケーションは最高でした。,特になし,,リーズナブルで新横浜駅近くでロケーションは最高でした。,特になし,Ofusa,bookingcom_348014_b94bae9b90bd4aac7b413836fd637774
false,Booking.com,6,2026-02-09,,料金の安さ。,全体的に古い。 部屋にある椅子も狭いスペースに置いてるだけなので使えない。,,料金の安さ。,全体的に古い。 部屋にある椅子も狭いスペースに置いてるだけなので使えない。,Masahiko,bookingcom_348014_02f6210483c6ca71fabc9e82fdba02fc
false,Booking.com,8,2026-02-09,,スタッフの対応は丁寧で、洗顔に乳液も置いてあり部屋も綺麗で快適に過ごせました,暑かったタイミングがあって、冷房に切り替えられなかったところ,,スタッフの対応は丁寧で、洗顔に乳液も置いてあり部屋も綺麗で快適に過ごせました,暑かったタイミングがあって、冷房に切り替えられなかったところ,Sei,bookingcom_348014_5bbc0e34d86b257508f0455012bff68a
false,Booking.com,7,2026-02-09,,,,,,,Tsutomu,bookingcom_348014_e644acd1090bde8d0452e449365c3594
false,Booking.com,7,2026-02-08,,,,,,,Kazuko,bookingcom_348014_ca3a7460dffd15e557e55145ed095ed1
false,Trip.com,7,2026-02-08,雖然天氣寒冷，但想掌握返自己房間嘅溫度，可惜佢哋切咗做中央系統控制，基本上冇得自己控制，成間房都好熱,,,天気は寒いけれど、部屋の温度をコントロールしたいのに、残念ながら中央制御システムに接続されてしまい、基本的に自分では何も制御できず、部屋全体がとても暑くなってしまう。,,,ゲ‍ス‍ト,trip_1839871020
false,Booking.com,4,2026-02-08,,新横浜駅から5分くらいで立地が良い,エアコンをつけてないけど部屋が暑かった。 冬で良かった。 エアコンが一括管理みたいで、オン　弱中強　しかないのは夏辛そう。,,新横浜駅から5分くらいで立地が良い,エアコンをつけてないけど部屋が暑かった。 冬で良かった。 エアコンが一括管理みたいで、オン　弱中強　しかないのは夏辛そう。,Akemi,bookingcom_348014_f0ad480a60a4f4b720f12021a4ac8cdc
false,Booking.com,10,2026-02-07,,,,,,,Simatate,bookingcom_348014_0d48c7fe93ef0105926d76dd8eaf9fd6
false,楽天トラベル,2,2026-02-06,冷蔵庫の温度調節ダイヤルが無かった,,,冷蔵庫の温度調節ダイヤルが無かった,,,キタ０７０４,rakuten_1747_7bebbb9077de43552ddc8107f8d0c892
false,楽天トラベル,5,2026-02-06,立地もスタッフの皆様の対応もとてもよかったです。シングルにエキストラベッドを入れて頂き、二人で安く泊まれました。また利用したいです。,,,立地もスタッフの皆様の対応もとてもよかったです。シングルにエキストラベッドを入れて頂き、二人で安く泊まれました。また利用したいです。,,,riepon50,rakuten_1747_763c43fb7b37558087b60902dd278f1f
false,Booking.com,7,2026-02-05,,,コンセント少ない,,,コンセント少ない,Manami,bookingcom_348014_b4b2342eb32b0920a3451c4b946db31e
false,Booking.com,6,2026-02-05,,,,,,,Iwasawa,bookingcom_348014_56cdccb5aab739346ddfcce7ef0328f6
false,Booking.com,8,2026-02-05,,,,,,,Midori,bookingcom_348014_7db0eba5102a37ab7f3f44322f973ccd
false,Booking.com,10,2026-02-05,,,,,,,Narisawa,bookingcom_348014_863af7df4e14b5132d92df49214bca60
false,Booking.com,10,2026-02-04,,全てが綺麗で、スタッフの方も丁寧に分かりやすく教えてくださり大変大大満足です！,そんなものは存在しません(笑),,全てが綺麗で、スタッフの方も丁寧に分かりやすく教えてくださり大変大大満足です！,そんなものは存在しません(笑),Hamahata,bookingcom_348014_d235d02f99c211541ee9603a0e83a9a1
false,Booking.com,9,2026-02-04,,,,,,,ぴーたん89,bookingcom_348014_e1b52f17039d6cefe6c6a97b2600b6a1
false,Booking.com,8,2026-02-03,,,,,,,Miho,bookingcom_348014_9b285cf883971a8e75ff98f0668389c4
false,Booking.com,6,2026-02-03,,,,,,,Inamoto,bookingcom_348014_51ed33610d5d2f36e11e1f55e69e45f8
false,Booking.com,7,2026-02-03,,,,,,,Hisako,bookingcom_348014_63de2d45e4c97780f24bd91f0ba549f1
false,Booking.com,5,2026-02-03,,駅近で良かった。,部屋の広さにベットが合ってないので、椅子が座りづらかったです。,,駅近で良かった。,部屋の広さにベットが合ってないので、椅子が座りづらかったです。,Hidehito,bookingcom_348014_83c76eb1796f1083b0045f19576ddd14
false,Booking.com,10,2026-02-02,,Chambre très confortable avec tout ce dont vous avez besoin  Personnel accueillant et très arrangeant  À proximité des transports en commun,RAS,,必要なものがすべて揃った、とても快適な部屋です。スタッフは親切で、とても親身になって対応してくれます。公共交通機関へのアクセスも良好です。,RAS,Mathilde,bookingcom_348014_04ce5465cebdc0a268a321f5d6c6c63f
false,じゃらん,5,2026-02-02,ホテルの価格が安い。従業員の対応が良かった。ベッドもセミダブル幅140センチで大きくて良かったです。また使わせていただきます。,,,ホテルの価格が安い。従業員の対応が良かった。ベッドもセミダブル幅140センチで大きくて良かったです。また使わせていただきます。,,,アロンさん,jalan_336927_4ae6216d069d39bcb183c65f55944ad8
false,Booking.com,7,2026-02-01,,リーズナブル,部屋にフロント直通の電話が無い,,リーズナブル,部屋にフロント直通の電話が無い,Yoshinobu,bookingcom_348014_c8ca8db9c75e3239eed09ca6566b334a
false,Booking.com,6,2026-02-01,,,,,,,Keiji,bookingcom_348014_1028a61291af8338ad76fcab52517767
false,Google,4,2026-02-01,,,,,,,ダゴネット,google_ChIJZbpkwtNeGGARjh1SPZFp5LU_765a23c65841acf147b4489de69dd9a2
false,Booking.com,5,2026-03-31,,,,,,,Arabelle,bookingcom_348014_6fc6fa24ddb41c29083b362b4229f684
false,Google,5,2026-03-31,体調が悪く、周辺施設を利用出来ませんでしたが、静かで綺麗なホテルだったので、とてもゆっくり出来ました また、フロントの方がとても親切に駐車場など教えてくれたので、助かりました。 機会があればまた利用したいです。,,,体調が悪く、周辺施設を利用出来ませんでしたが、静かで綺麗なホテルだったので、とてもゆっくり出来ました また、フロントの方がとても親切に駐車場など教えてくれたので、助かりました。 機会があればまた利用したいです。,,,zone monstar,google_ChIJZbpkwtNeGGARjh1SPZFp5LU_e28f71528af2452b681be848de310792
false,Booking.com,8,2026-03-30,,対応,コインランドリーがもう少しあればいい,,対応,コインランドリーがもう少しあればいい,Motoko,bookingcom_348014_2abc27dc047a6cbdac6eac40e6671174
false,Booking.com,7,2026-03-28,,,,,,,Andhy,bookingcom_348014_f16d853b3c6a8d73fb5aeeeb9902a3b4
false,Booking.com,7,2026-03-27,,私の宿泊がホテルの終了の直前でした。 良いホテルなのに残念ですね。,,,私の宿泊がホテルの終了の直前でした。 良いホテルなのに残念ですね。,,Katsuhira,bookingcom_348014_6252c7112cccb3652b77d3d4e6d71bfb
false,Booking.com,5,2026-03-27,,近くにコンビニやスーパーが多いのはすごく良かった。入り口から直接部屋に行けるのはすごく助かりました。,製氷機が壊れているのが残念でした。 カフェスペースにはありましたが、早くしっかりとした製氷機が使いたかったです。,,近くにコンビニやスーパーが多いのはすごく良かった。入り口から直接部屋に行けるのはすごく助かりました。,製氷機が壊れているのが残念でした。 カフェスペースにはありましたが、早くしっかりとした製氷機が使いたかったです。,Ayuta,bookingcom_348014_74f273dc15ffbcc39d0a7212bf8150cb
false,じゃらん,5,2026-03-26,部屋がひろくて良かったです！！  周りにコンビニたくさんあって  ご飯に困らなくて良かったです。  フロントの方も優しかった,,,部屋がひろくて良かったです！！  周りにコンビニたくさんあって  ご飯に困らなくて良かったです。  フロントの方も優しかった,,,まいこさん,jalan_336927_2eec8344ec09572ba8916385bbd8d394
false,Booking.com,9,2026-03-25,,スタッフの方がとても親切でした！！,ドライヤーの風力が少し弱かった。,,スタッフの方がとても親切でした！！,ドライヤーの風力が少し弱かった。,山添,bookingcom_348014_7a53215467e8f5e38a994de336802df2
false,Booking.com,5,2026-03-25,,支払いが明確でキャンセルも3日前くらいまで大丈夫なのが安心できる。,トイレの流す音が凄い。シャワーのとコンセントがぐらついていたのがあった。,,支払いが明確でキャンセルも3日前くらいまで大丈夫なのが安心できる。,トイレの流す音が凄い。シャワーのとコンセントがぐらついていたのがあった。,Tama,bookingcom_348014_2b5220a513f3465386be390c4cfb6166
false,Booking.com,7,2026-03-25,,Lobby mit Cafe & Tee,,,ロビーにはカフェと紅茶があります,,Thomas,bookingcom_348014_df354df63ea72b99acde12e494a27652
false,Booking.com,10,2026-03-23,,スタッフが丁寧でした,とくになし,,スタッフが丁寧でした,とくになし,Keiko,bookingcom_348014_e75d959af8a7bde4ea0446d8d1baa703
false,Booking.com,8,2026-03-22,,Friendly staff on check in,Loud mini fridge,,チェックイン時のスタッフはフレンドリーでした,うるさい小型冷蔵庫,Matthias,bookingcom_348014_95d8d7ded4400b7e79783c2f7d3b253b
false,Booking.com,8,2026-03-22,,従業員さんの対応がすごく良かった。新横浜駅から近く、アクセスが良かった。近くにコンビニがあった,空調が良くなく、モワモワと熱がこもり暑かった。周りの部屋の音や声がすごく聞こえてきた。,,従業員さんの対応がすごく良かった。新横浜駅から近く、アクセスが良かった。近くにコンビニがあった,空調が良くなく、モワモワと熱がこもり暑かった。周りの部屋の音や声がすごく聞こえてきた。,Rio,bookingcom_348014_a4a701b6346370726f944523ae8d24b7
false,Booking.com,4,2026-03-21,,The Japanese staff were very nice and professional. The non-Japanese front desk staff didn’t seem very helpful and professional.,"There is some issue with the ventilation system in the rooms. The room air becomes extremely dry and I started having some respiratory problem due to this. During three days, there was also some strange burnt smell coming in from the bathroom ventilation.  The hallway and elevator carpet also looked dirty.",,日本人スタッフはとても親切でプロフェッショナルでした。一方、外国人フロントスタッフはあまり親切でプロフェッショナルな印象を受けませんでした。,客室の換気システムに問題があるようです。室内の空気が非常に乾燥し、そのため呼吸器系の不調を感じ始めました。また、3日間、浴室の換気口から焦げたような異臭が漂っていました。廊下やエレベーターのカーペットも汚れていました。,Ali,bookingcom_348014_502c526b85553f55f738ef24153b02ba
false,Booking.com,5,2026-03-21,,,,,,,志村,bookingcom_348014_93028457cf3da85dc4e173453b64056c
false,Booking.com,6,2026-03-20,,,,,,,Seishi,bookingcom_348014_09dd315ca596b96072c1e1e1636ddbcf
false,じゃらん,4,2026-03-20,仕事の都合で今までに何度か利用させていただきました。  若干の古いところもありましたが、フロントの方々が行く度に嫌な顔せずに親切に対応してくれました。  今までありがとうございました。,,,仕事の都合で今までに何度か利用させていただきました。  若干の古いところもありましたが、フロントの方々が行く度に嫌な顔せずに親切に対応してくれました。  今までありがとうございました。,,,とっしぃさん,jalan_336927_60a29788009a355b22b7d21541db0cca
false,じゃらん,3,2026-03-20,出張の際に何度か利用しています。  駅からは少々歩きますが、近くにコンビニや飲食店が多々ありますので、立地的には良いと思います。  部屋は割と年季が入っていますが、十分な広さがあるので、スーツケースなど大きい荷物を持つ方には便利だと思います。  毎度のことですが、シャワーの温度調整が難しいです。。,,,出張の際に何度か利用しています。  駅からは少々歩きますが、近くにコンビニや飲食店が多々ありますので、立地的には良いと思います。  部屋は割と年季が入っていますが、十分な広さがあるので、スーツケースなど大きい荷物を持つ方には便利だと思います。  毎度のことですが、シャワーの温度調整が難しいです。。,,,watariさん,jalan_336927_7d67ab3d753aede5e763b7fe8f46d51b
false,Trip.com,8,2026-03-19,横浜アリーナでのイベント時に利用しました。 最寄駅の新横浜駅からも近く、横浜アリーナまでも非常にわかりやすい道で徒歩10分程度で着きました。 隣にコンビニもあるので便利です。 建物は少し古く、部屋も広いとは言えませんが、ロケーション的に良かったのでまた、横浜アリーナに行く時はぜひ利用したいです。 あと朝ごはんのビュッフェが美味しく、スタッフさんも笑顔でした！,,,横浜アリーナでのイベント時に利用しました。 最寄駅の新横浜駅からも近く、横浜アリーナまでも非常にわかりやすい道で徒歩10分程度で着きました。 隣にコンビニもあるので便利です。 建物は少し古く、部屋も広いとは言えませんが、ロケーション的に良かったのでまた、横浜アリーナに行く時はぜひ利用したいです。 あと朝ごはんのビュッフェが美味しく、スタッフさんも笑顔でした！,,,ゲ‍ス‍ト,trip_1880789554
false,Booking.com,5,2026-03-19,,,,,,,Yoshiko,bookingcom_348014_413f198b6e08839ae4f146ed1a1b6908
false,Booking.com,6,2026-03-18,,,エタコン切っても暑かった あまり寝れなかった、また、乾燥してた,,,エタコン切っても暑かった あまり寝れなかった、また、乾燥してた,Tomiji,bookingcom_348014_42cc99d80f9b7f2782d70e10da9373ce
false,Booking.com,5,2026-03-18,,,,,,,Kinoda,bookingcom_348014_77d327d82b7b1387ae7294f455cb1a8d
false,じゃらん,3,2026-03-18,急遽、旅行帰りで夜も遅くこちらのホテルを使わせて頂きました。  部屋はとても清潔感あってとても良かったです。  駅からも近くて泊まるのにちょうど良かったです！  ただ乾燥が気になったので部屋に加湿器があれば快適に過ごせたかなぁという個人的な意見です。,,,急遽、旅行帰りで夜も遅くこちらのホテルを使わせて頂きました。  部屋はとても清潔感あってとても良かったです。  駅からも近くて泊まるのにちょうど良かったです！  ただ乾燥が気になったので部屋に加湿器があれば快適に過ごせたかなぁという個人的な意見です。,,,菜つさん,jalan_336927_8b08760dfdb9325b2eccc31caa32299f
false,Booking.com,7,2026-03-17,,,,,,,Ying-chou,bookingcom_348014_01fb9bbd67d86bb49ed91a31c8e4f950
false,Booking.com,7,2026-03-17,,,,,,,Kengo,bookingcom_348014_f33488c99c5d1f4ed10dc57702496d02
false,Booking.com,8,2026-03-16,,とてもお得感がありました。 近くにスーパー、コンビニ、飲食店もあり、 立地も良いです。,,,とてもお得感がありました。 近くにスーパー、コンビニ、飲食店もあり、 立地も良いです。,,Chiyomi,bookingcom_348014_0d3949564a40e97305608267beb5b06d
false,楽天トラベル,5,2026-03-16,新横浜駅に近いけれど煩くもなく、清潔で広々としたツインルームで快適な滞在でした。 無料のコーヒーサービスも嬉しいポイントでした。 スタッフの方々がいつも笑顔で、丁寧な対応をしてくださりとても居心地が良かったです。 シャワーの温度調整の難しさとルームウエアが浴衣でワンサイズなのがマイナス点でしたが、機会があればまた泊まりたいホテルです。  ,,,新横浜駅に近いけれど煩くもなく、清潔で広々としたツインルームで快適な滞在でした。 無料のコーヒーサービスも嬉しいポイントでした。 スタッフの方々がいつも笑顔で、丁寧な対応をしてくださりとても居心地が良かったです。 シャワーの温度調整の難しさとルームウエアが浴衣でワンサイズなのがマイナス点でしたが、機会があればまた泊まりたいホテルです。  ,,,横浜歴9年目,rakuten_1747_b212ad70a3e8b8bfaee2932b321741aa
false,Booking.com,7,2026-03-15,,,,,,,Daigo,bookingcom_348014_0373448cab377e7f94b6cf8408323f49
false,Booking.com,8,2026-03-15,,,,,,,Tsang,bookingcom_348014_9dd0462df80f6dd4c87bce7239835a2b
false,じゃらん,4,2026-03-14,家族と食事の為 到着遅れもあったが対応してくれてチェックインがスムーズだった  価格で選んだがセミダブルのベッド  ユニットバスも大きめでゆっくり出来た。  割安だと思う,,,家族と食事の為 到着遅れもあったが対応してくれてチェックインがスムーズだった  価格で選んだがセミダブルのベッド  ユニットバスも大きめでゆっくり出来た。  割安だと思う,,,ひろさん,jalan_336927_51aee644b28bedb53e302598ffb6da8c
false,Booking.com,8,2026-03-13,,,,,,,Elena,bookingcom_348014_e4392a67989b2de9b5f5e7e1c5913373
false,Booking.com,7,2026-03-13,,,,,,,Runa,bookingcom_348014_1145886559291793318fc0b7ca6bf22f
false,Booking.com,7,2026-03-11,,,,,,,テルゴー,bookingcom_348014_44a833748ea6ed0105d7cccd117ebba6
false,Booking.com,9,2026-03-10,,泊まる上で困ることが1つもなかった,喫煙可の部屋だったが入った瞬間からタバコ臭かった,,泊まる上で困ることが1つもなかった,喫煙可の部屋だったが入った瞬間からタバコ臭かった,Takamatsu,bookingcom_348014_6e3670323d1dc2f56659edd6c76a2965
false,Booking.com,5,2026-03-10,,,,,,,Iida,bookingcom_348014_16d7af94f5b2533dd0ab0156dd5d5289
false,楽天トラベル,1,2026-03-10,今まで泊まったホテルの中でワースト1に 入るくらいの最悪のホテルです。 まず、部屋が相当暑い。もう本当にサウナに 居るような暑さでした。理由を聞いても、 「この建物は古いので」としか言わない。 原因も分かってるはずなのに、言わず。 3月と普通に寒い時期なのに、扇風機３台をお願いする程の暑さでした。でもこの扇風機３台のうち２台は風も全然こないという。馬鹿にしてるとしか感じませんでした。子供四人も居たので全員とも汗だくで顔も真っ赤になって暑さに耐えるのがキツそうで可哀想で仕方なかったです。 違う部屋に泊まってた祖母達の部屋に 寝ました。 しかも、ホテルの方も暑いなら窓開けてください。との事。そういう問題じゃないと思います。 なんなら小さい子もいるので、窓開けたくないす。正直潰れる理由ってこういう事の積み重ねかな、と。一生行きません。 　,,,今まで泊まったホテルの中でワースト1に 入るくらいの最悪のホテルです。 まず、部屋が相当暑い。もう本当にサウナに 居るような暑さでした。理由を聞いても、 「この建物は古いので」としか言わない。 原因も分かってるはずなのに、言わず。 3月と普通に寒い時期なのに、扇風機３台をお願いする程の暑さでした。でもこの扇風機３台のうち２台は風も全然こないという。馬鹿にしてるとしか感じませんでした。子供四人も居たので全員とも汗だくで顔も真っ赤になって暑さに耐えるのがキツそうで可哀想で仕方なかったです。 違う部屋に泊まってた祖母達の部屋に 寝ました。 しかも、ホテルの方も暑いなら窓開けてください。との事。そういう問題じゃないと思います。 なんなら小さい子もいるので、窓開けたくないす。正直潰れる理由ってこういう事の積み重ねかな、と。一生行きません。 　,,,ふーさんー,rakuten_1747_1c5b7a6aa390770613d79b3dc0112008
false,Booking.com,8,2026-03-09,,リーズナブルで良かった,特になし,,リーズナブルで良かった,特になし,Tamura,bookingcom_348014_9ef26d39e00207b6b15697ed8419ea1e
false,Booking.com,4,2026-03-09,,,エアコンが一括管理だったので切ってても暑かった。窓開けて調節した。,,,エアコンが一括管理だったので切ってても暑かった。窓開けて調節した。,Yuka,bookingcom_348014_af6443cbf3f7603bc235933b34a1b583
false,Booking.com,8,2026-03-09,,駅も近くて、コンビニも近くてとても便利でした。,エアコンの音が少し気になりましたが、それ以外は問題なし,,駅も近くて、コンビニも近くてとても便利でした。,エアコンの音が少し気になりましたが、それ以外は問題なし,Akiko,bookingcom_348014_4e11fb4d5708fe4a816bcff2df8d307d
false,Booking.com,10,2026-03-08,,臨機応変に丁寧に対応してくださった点,窓が開かなかった,,臨機応変に丁寧に対応してくださった点,窓が開かなかった,Aibi,bookingcom_348014_25f699872bd741df04fcc3cb63a37f40
false,Booking.com,8,2026-03-08,,,,,,,Naohiko,bookingcom_348014_ab6941aa67c9891f1da5137ee8a5abd9
false,Booking.com,10,2026-03-08,,フロントの方たちがとても親切でした,,,フロントの方たちがとても親切でした,,Ｈｉｒｏｍｉ,bookingcom_348014_bec90add2f72aa0935f3a7b6507bdab4
false,Google,3,2026-03-08,,,,,,,Kenji Minami,google_ChIJZbpkwtNeGGARjh1SPZFp5LU_511e170dcb1f12382d38b7d6aef331fe
false,Trip.com,5,2026-03-08,昔ながらのビジネスホテルって感じです。 シャワーは注意が必要です、蛇口で温度調整しないと熱すぎるので！,,,昔ながらのビジネスホテルって感じです。 シャワーは注意が必要です、蛇口で温度調整しないと熱すぎるので！,,,ゲ‍ス‍ト,trip_1869790552
false,Booking.com,9,2026-03-07,,,,,,,Yuuri,bookingcom_348014_ba4b76d2c1845c29fe7230a123ac4b8b
false,Booking.com,3,2026-03-07,,,入住後發現浴缸排水嚴重不良，水排得非常慢。向櫃台反映後，飯店人員也到房間確認狀況，並說要去和主管討論。結果回來卻告訴我們「這是正常情況」。但明明他剛剛已經親眼看到排水有問題，這種說法顯然只是想打發客人。直到我們表示無法接受後，才終於幫我們換房間。換房間本身可以接受，但一開始試圖用不合理理由敷衍真的很糟，也浪費了不少時間。    另外在使用洗衣機時，我的衣服在還沒拿出來的情況下，被其他房客直接丟衣服進來一起洗。我第一時間向櫃台反映，但櫃台表示無法暫停機器，要我等洗完再來。當時已經凌晨兩點，我不可能再等兩個小時，只能讓衣服和不知名人士的衣服一起洗完整個流程。隔天還要特地再去檢查衣服狀況，而飯店也沒有任何進一步處理或補償。    櫃台的人員態度良好，但處理事情的方法讓我很不滿意。    整體來說是非常糟糕的體驗，我很不高興。,,,チェックイン時に、バスタブの排水に深刻な問題があることに気づきました。水が極端にゆっくりとしか流れなかったのです。フロントに報告したところ、ホテルのスタッフが部屋に来て状況を確認し、上司と相談すると言いました。しかし、戻ってきたとき、「これは正常です」と言われました。しかし、彼らは明らかに排水の問題を直接目撃していたのですから、この説明は明らかに私たちを軽くあしらおうとするものでした。不満を表明して初めて、ようやく部屋を変えてもらえました。部屋を変えてくれたこと自体は許容範囲でしたが、最初に不当な言い訳で私たちをあしらおうとしたのは本当にひどく、多くの時間を無駄にしました。さらに、洗濯機を使っていると、私が取り出す前に他の宿泊客が私の服を洗濯機に入れてしまいました。すぐにフロントに報告しましたが、洗濯機を止めることはできないと言われ、洗濯が終わってから戻ってくるように言われました。すでに午前2時で、さらに2時間も待つことはできなかったので、見知らぬ人の服と一緒に洗濯されるままにせざるを得ませんでした。翌日、自分の服の状態をわざわざ確認しなければならなかったのですが、ホテル側はそれ以上の対応や補償を一切申し出ませんでした。フロントのスタッフは丁寧でしたが、その後の対応には非常に不満を感じました。全体的にひどい経験で、とても不愉快です。,Liyen,bookingcom_348014_b990952a8d3b5fdd01dd232d50421f33
false,Booking.com,8,2026-03-07,,,,,,,真美,bookingcom_348014_0b5a381ac1db3fda92c47053df4ec5e2
false,じゃらん,5,2026-03-07,とてもよかったです！  部屋も広くて子供が喜んで  走り回ってました  バイキングなどもあり、  駅も近く利便性もいいです,,,とてもよかったです！  部屋も広くて子供が喜んで  走り回ってました  バイキングなどもあり、  駅も近く利便性もいいです,,,かなちゃんさん,jalan_336927_a6ce3710c685d974ceeca32e8fee80ac
false,Booking.com,8,2026-03-06,,スタッフの対応が良かった シャンプー等良かった 朝食美味しかった,特になし,,スタッフの対応が良かった シャンプー等良かった 朝食美味しかった,特になし,Tomoko,bookingcom_348014_11f4c5754a05ccee413946b16238edf5
false,Trip.com,9,2026-03-06,房間比較小，兩個人都攤開箱子比較困難。衞生間是浴缸，也比較小。衞生挺不錯的。房裡有電視機可以看。 二樓有免費的咖啡。洗衣房甚至支持微信付款。 前台會説英語。,,,部屋はかなり狭く、二人でスーツケースを広げるのも大変でした。バスルームにはバスタブがありましたが、これもかなり小さかったです。清潔さは申し分ありませんでした。部屋にはテレビがありました。上の階には無料のコーヒーがありました。ランドリールームではWeChat Payも利用できました。フロントのスタッフは英語を話しました。,,,ゲ‍ス‍ト,trip_1867061963
false,Booking.com,8,2026-03-06,,Good location,Needs tlc in parts,,立地が良い,部分的に手入れが必要,Toshio,bookingcom_348014_e7484d435cc68025758e5d5c76f5a825
false,Booking.com,10,2026-03-05,,ご飯が美味しかったです。,なし。,,ご飯が美味しかったです。,なし。,せきゆきき,bookingcom_348014_ad2e04fd12eaddf12f383ee871fd3c95
false,じゃらん,3,2026-03-05,出張の際に利用しました。  駅から多少離れていますが、程よい距離かと思います。  部屋や装備品は多少年季を感じます。清潔にはしていますが、そういったところが気になる方は気を付けた方が良いかと。それと、シャワーの温度調整が難しかったです。  朝食付きのプランでした。おかずの品数は少ない気はしましたが、どれも美味しかったです。TKGお代わりしちゃいました。,,,出張の際に利用しました。  駅から多少離れていますが、程よい距離かと思います。  部屋や装備品は多少年季を感じます。清潔にはしていますが、そういったところが気になる方は気を付けた方が良いかと。それと、シャワーの温度調整が難しかったです。  朝食付きのプランでした。おかずの品数は少ない気はしましたが、どれも美味しかったです。TKGお代わりしちゃいました。,,,watariさん,jalan_336927_b0f6ef131f1d5f2b9129f47aaf793fa3
false,Booking.com,5,2026-03-04,,,,,,,Hinata,bookingcom_348014_00abfc6a163bb8acb3e42c405bd64396
false,Booking.com,5,2026-03-04,,,,,,,政一,bookingcom_348014_ef0a21eea3d5265834fd7a2fff500725
false,Booking.com,5,2026-03-04,,,,,,,政一,bookingcom_348014_de92b74bca7e90e424878f68ae95b18a
false,Booking.com,5,2026-03-03,,,,,,,石田,bookingcom_348014_fa088e57cba6d006cfffe64e6956a54c
false,Booking.com,7,2026-03-03,,,,,,,Ryuto,bookingcom_348014_ba2101ce17cda1e905e94f45a37b5c35
false,Booking.com,5,2026-03-03,,,,,,,石田,bookingcom_348014_70f67d591f25e92849c5bc811c6b4cf9
false,Booking.com,7,2026-03-03,,,,,,,Ryuto,bookingcom_348014_6d4cd67512d152a71a44885dab1ac15b
false,Booking.com,5,2026-03-02,,,,,,,小杉,bookingcom_348014_4c18a89dbaa224621cf3d020e9082fa4
false,Booking.com,10,2026-03-02,,ティッシュが無くなったのでフロントの方に花粉のことを話したら沢山ティッシュをくれてすごく助かった!,ない！,,ティッシュが無くなったのでフロントの方に花粉のことを話したら沢山ティッシュをくれてすごく助かった!,ない！,Hisaki,bookingcom_348014_f6a2a6044fc865bc67da236f45d29837
false,Booking.com,8,2026-03-01,,,,,,,Keishi,bookingcom_348014_0895db0da9245781e196eb0bcc5d9a71
false,Google,1,2026-03-01,"The AC is controlled by the hotel so I could not choose the COOL. It was ridiculously hot in the room for me and I am sweating for the whole time. I called the front office but they told me to open the window which will let the cedar pollen come in. I have severe hay fever, so if I do follow this direction, I would not be able to sleep due to that… I still have 8 nights left here. I wish this hotel can fix this for me. 冷房がなくて部屋が死ぬほど暑いため、部屋にいる間ずっと汗だく。フロントにかけたら窓を開けてくれと言われたが窓開けたら花粉が入るので重度の花粉症を持っている僕は寝られなくなってしまう。まだ8泊も残ってる、ホテルが何とかしてくれる事を祈る。",,,"The AC is controlled by the hotel so I could not choose the COOL. It was ridiculously hot in the room for me and I am sweating for the whole time. I called the front office but they told me to open the window which will let the cedar pollen come in. I have severe hay fever, so if I do follow this direction, I would not be able to sleep due to that… I still have 8 nights left here. I wish this hotel can fix this for me. 冷房がなくて部屋が死ぬほど暑いため、部屋にいる間ずっと汗だく。フロントにかけたら窓を開けてくれと言われたが窓開けたら花粉が入るので重度の花粉症を持っている僕は寝られなくなってしまう。まだ8泊も残ってる、ホテルが何とかしてくれる事を祈る。",,,Teppei Yamauchi,google_ChIJZbpkwtNeGGARjh1SPZFp5LU_a0ae36c21762df5d088f1a81977d5828
false,楽天トラベル,5,2026-03-01,壁は薄いので声が漏ます。 それ以外は特に気になりません。,,,壁は薄いので声が漏ます。 それ以外は特に気になりません。,,,イノシン8934,rakuten_1747_8782cb5707331a2f7e7b06bb75f46e36
false,Booking.com,6,2026-03-01,,,部屋が暑く空調を入れても暖房しかでず調整できなかった,,,部屋が暑く空調を入れても暖房しかでず調整できなかった,Sakoda,bookingcom_348014_446d1314b400a345a301ce1ee8620b7d
false,Booking.com,6,2026-03-01,,用事のあったところから近かった,メインの照明スイッチがわからなかった。 冷暖房がなかった。,,用事のあったところから近かった,メインの照明スイッチがわからなかった。 冷暖房がなかった。,江口,bookingcom_348014_60c306277d4ea03d2a29f35eb6abdcdc
false,Booking.com,3,2026-03-01,,,,,,,Kumiko,bookingcom_348014_4f30fec6ea3fbc287009d7219c6bd5b3
false,じゃらん,3,2026-03-01,約２年振りに泊まりました。良かった点はチェックインの手続きです。以前は慣れない外国人受付でストレスを感じましたが、今はタッチパネルになっており、スムーズにできました。残念だったのは部屋の椅子です。パソコンで業務をしましたが、背もたれが短すぎ腰がめちゃくちゃ痛かったです。,,,約２年振りに泊まりました。良かった点はチェックインの手続きです。以前は慣れない外国人受付でストレスを感じましたが、今はタッチパネルになっており、スムーズにできました。残念だったのは部屋の椅子です。パソコンで業務をしましたが、背もたれが短すぎ腰がめちゃくちゃ痛かったです。,,,まさしさん,jalan_336927_a4a66b69bdbf0f37ed9b81f383c40773
false,じゃらん,2,2026-03-01,約２年振りに泊まりました。良かった点はチェックインの手続きです。以前は慣れない外国人受付でストレスを感じましたが、今はタッチパネルになっており、スムーズにできました。残念だったのは部屋の椅子です。パソコンで業務をしましたが、背もたれが短すぎ腰がめちゃくちゃ痛かったです。,,,約２年振りに泊まりました。良かった点はチェックインの手続きです。以前は慣れない外国人受付でストレスを感じましたが、今はタッチパネルになっており、スムーズにできました。残念だったのは部屋の椅子です。パソコンで業務をしましたが、背もたれが短すぎ腰がめちゃくちゃ痛かったです。,,,まさしさん,jalan_336927_efd5dad48c6ccc4b2137b409200477ed
false,Booking.com,6,2026-04-21,,静かに過ごせました,部屋に飲料水が無かった,,静かに過ごせました,部屋に飲料水が無かった,Junko,bookingcom_348014_e560e9c7fa1dda6d52caaa4f17a36501
false,Booking.com,7,2026-04-15,,,,,,,Miku,bookingcom_348014_e04c3da731abdee912f54229fc322f5e
false,Booking.com,8,2026-04-10,,コンビニが近いので、便利が良い。,,,コンビニが近いので、便利が良い。,,Yukiko,bookingcom_348014_e691d65ddf76842a5865a4e0ab19b9ee
false,楽天トラベル,5,2026-04-09,いつも快適に利用させていただいています。 1回でモーニングを初めて食べましたが、非常に美味しく満足しました。,,,いつも快適に利用させていただいています。 1回でモーニングを初めて食べましたが、非常に美味しく満足しました。,,,たまごんん,rakuten_1747_dcf9e27237b7821fdeb6c9c8d1a75e0b
false,楽天トラベル,5,2026-04-09,東京出張の際はいつも利用しています。 丁寧な対応をいただいて気持ちよく宿泊できてます。 駅からも近く、周辺の飲食店も多いので助かってます！ ,,,東京出張の際はいつも利用しています。 丁寧な対応をいただいて気持ちよく宿泊できてます。 駅からも近く、周辺の飲食店も多いので助かってます！ ,,,たまごんん,rakuten_1747_870efa2c4effd607531317f1e5fb506d
false,じゃらん,4,2026-04-04,2月というのに、19時から始まったサッカー観戦のためすっかり冷え切りました。チェックインしている間に、コーヒーいただき、チェックインしてすぐに、お風呂で温まりました。おかげで快適に眠れました。,,,2月というのに、19時から始まったサッカー観戦のためすっかり冷え切りました。チェックインしている間に、コーヒーいただき、チェックインしてすぐに、お風呂で温まりました。おかげで快適に眠れました。,,,あおいちゃんさん,jalan_336927_3d7a94c70af42fb503b295519cbe245d
false,Google,1,2026-05-10,空調効かない 加湿器貸し出し無い 客室で虫に刺される ムヒもない フロントの外人対応悪い 今までで最悪のホテル,,,空調効かない 加湿器貸し出し無い 客室で虫に刺される ムヒもない フロントの外人対応悪い 今までで最悪のホテル,,,ぐうたら野郎,google_ChIJZbpkwtNeGGARjh1SPZFp5LU_8a140c123f1a62fc53aea7253b61a679
false,Google,1,2026-05-10,ホテルの名前変わっていました,,,ホテルの名前変わっていました,,,青木哲也,google_ChIJZbpkwtNeGGARjh1SPZFp5LU_4a212a48cb638895ad997d920fa94acc
false,Booking.com,7,2026-05-08,,,,,,,朱実,bookingcom_348014_5d4455c9223c85ad81fd7833d7207041
false,楽天トラベル,5,2026-05-06,綺麗で清潔感がありました,,,綺麗で清潔感がありました,,,おやふこう,rakuten_1747_2d7d57ba7924fd5260e406548d639f7a
false,Google,1,2026-05-10,空調効かない 加湿器貸し出し無い 客室で虫に刺される ムヒもない フロントの外人対応悪い 今までで最悪のホテル,,,空調効かない 加湿器貸し出し無い 客室で虫に刺される ムヒもない フロントの外人対応悪い 今までで最悪のホテル,,,ぐうたら野郎,google_ChIJZbpkwtNeGGARjh1SPZFp5LU_8a140c123f1a62fc53aea7253b61a679
false,Google,1,2026-05-10,ホテルの名前変わっていました,,,ホテルの名前変わっていました,,,青木哲也,google_ChIJZbpkwtNeGGARjh1SPZFp5LU_4a212a48cb638895ad997d920fa94acc
false,Booking.com,7,2026-05-08,,,,,,,朱実,bookingcom_348014_5d4455c9223c85ad81fd7833d7207041
false,楽天トラベル,5,2026-05-06,綺麗で清潔感がありました,,,綺麗で清潔感がありました,,,おやふこう,rakuten_1747_2d7d57ba7924fd5260e406548d639f7a
false,Google,1,2026-05-10,空調効かない 加湿器貸し出し無い 客室で虫に刺される ムヒもない フロントの外人対応悪い 今までで最悪のホテル,,,空調効かない 加湿器貸し出し無い 客室で虫に刺される ムヒもない フロントの外人対応悪い 今までで最悪のホテル,,,ぐうたら野郎,google_ChIJZbpkwtNeGGARjh1SPZFp5LU_8a140c123f1a62fc53aea7253b61a679
false,Google,1,2026-05-10,ホテルの名前変わっていました,,,ホテルの名前変わっていました,,,青木哲也,google_ChIJZbpkwtNeGGARjh1SPZFp5LU_4a212a48cb638895ad997d920fa94acc
false,Booking.com,7,2026-05-08,,,,,,,朱実,bookingcom_348014_5d4455c9223c85ad81fd7833d7207041
false,楽天トラベル,5,2026-05-06,綺麗で清潔感がありました,,,綺麗で清潔感がありました,,,おやふこう,rakuten_1747_2d7d57ba7924fd5260e406548d639f7a
