"","検索文字 URL： チェック","ホテルケヤキゲート東京府中 サイト名","検索年月： 評価","2026年 投稿日","05月 コメント(全体)","範囲： コメント(良い点)","!A1:K コメント(改善点)","コメント（翻訳:全体)","コメント（翻訳:良い)","コメント（翻訳:改善点)","投稿者","","","","","関数用 2026年 2026年 ","04月 05月 ","","!A2:K75 ","","","",""
"","FALSE","楽天トラベル","5","2026-05-05","駅からすぐ近くで良かったが、ロビーがややわかりづらく迷ってしまいました。部屋もスタイリッシュで清潔感もあり、朝食も特にクロワッサンが美味しかったです。","","","駅からすぐ近くで良かったが、ロビーがややわかりづらく迷ってしまいました。部屋もスタイリッシュで清潔感もあり、朝食も特にクロワッサンが美味しかったです。","","","hiro_ramen","","FALSE","楽天トラベル","5","2026-05-05","駅からすぐ近くで良かったが、ロビーがややわかりづらく迷ってしまいました。部屋もスタイリッシュで清潔感もあり、朝食も特にクロワッサンが美味しかったです。","","","駅からすぐ近くで良かったが、ロビーがややわかりづらく迷ってしまいました。部屋もスタイリッシュで清潔感もあり、朝食も特にクロワッサンが美味しかったです。","","","hiro_ramen"
"","FALSE","Google","5","2026-05-05","🌸 東京＆大阪 - 桜ガール出張サービス 🌸 長い一日で疲れていませんか？優しくて穏やかな桜ガールに癒されたいと思いませんか？  厳選されたキュートな日本人美女たちが勢揃い。フレンドリーな性格と行き届いたサービスで、いつでもご利用いただけます。東京でも大阪でも、市内全域へ迅速にお伺いし、プライベートでリラックスした時間をお過ごしいただけます。💕  🛎️ いつでもご利用いただけます | ホテル、ゲストハウス、ご自宅への出張も可能です  📍 東京 | 大阪 お問い合わせ： Telegram: @YL8861 Gleezy: jk608 LINE: yl608","","","🌸 東京＆大阪 - 桜ガール出張サービス 🌸 長い一日で疲れていませんか？優しくて穏やかな桜ガールに癒されたいと思いませんか？  厳選されたキュートな日本人美女たちが勢揃い。フレンドリーな性格と行き届いたサービスで、いつでもご利用いただけます。東京でも大阪でも、市内全域へ迅速にお伺いし、プライベートでリラックスした時間をお過ごしいただけます。💕  🛎️ いつでもご利用いただけます | ホテル、ゲストハウス、ご自宅への出張も可能です  📍 東京 | 大阪 お問い合わせ： Telegram: @YL8861 Gleezy: jk608 LINE: yl608","","","謝糖一23","","FALSE","Google","5","2026-05-05","🌸 東京＆大阪 - 桜ガール出張サービス 🌸 長い一日で疲れていませんか？優しくて穏やかな桜ガールに癒されたいと思いませんか？  厳選されたキュートな日本人美女たちが勢揃い。フレンドリーな性格と行き届いたサービスで、いつでもご利用いただけます。東京でも大阪でも、市内全域へ迅速にお伺いし、プライベートでリラックスした時間をお過ごしいただけます。💕  🛎️ いつでもご利用いただけます | ホテル、ゲストハウス、ご自宅への出張も可能です  📍 東京 | 大阪 お問い合わせ： Telegram: @YL8861 Gleezy: jk608 LINE: yl608","","","🌸 東京＆大阪 - 桜ガール出張サービス 🌸 長い一日で疲れていませんか？優しくて穏やかな桜ガールに癒されたいと思いませんか？  厳選されたキュートな日本人美女たちが勢揃い。フレンドリーな性格と行き届いたサービスで、いつでもご利用いただけます。東京でも大阪でも、市内全域へ迅速にお伺いし、プライベートでリラックスした時間をお過ごしいただけます。💕  🛎️ いつでもご利用いただけます | ホテル、ゲストハウス、ご自宅への出張も可能です  📍 東京 | 大阪 お問い合わせ： Telegram: @YL8861 Gleezy: jk608 LINE: yl608","","","謝糖一23"
"","FALSE","Google","5","2026-05-05","🌸 東京＆大阪 - 桜ガール出張サービス 🌸 長い一日で疲れていませんか？優しくて穏やかな桜ガールに癒されたいと思いませんか？  厳選されたキュートな日本人美女たちが勢揃い。フレンドリーな性格と行き届いたサービスで、いつでもご利用いただけます。東京でも大阪でも、市内全域へ迅速にお伺いし、プライベートでリラックスした時間をお過ごしいただけます。💕  🛎️ いつでもご利用いただけます | ホテル、ゲストハウス、ご自宅への出張も可能です  📍 東京 | 大阪 お問い合わせ： Telegram: @YL8861 Gleezy: jk608 LINE: yl608","","","🌸 東京＆大阪 - 桜ガール出張サービス 🌸 長い一日で疲れていませんか？優しくて穏やかな桜ガールに癒されたいと思いませんか？  厳選されたキュートな日本人美女たちが勢揃い。フレンドリーな性格と行き届いたサービスで、いつでもご利用いただけます。東京でも大阪でも、市内全域へ迅速にお伺いし、プライベートでリラックスした時間をお過ごしいただけます。💕  🛎️ いつでもご利用いただけます | ホテル、ゲストハウス、ご自宅への出張も可能です  📍 東京 | 大阪 お問い合わせ： Telegram: @YL8861 Gleezy: jk608 LINE: yl608","","","惠子林","","FALSE","Google","5","2026-05-05","🌸 東京＆大阪 - 桜ガール出張サービス 🌸 長い一日で疲れていませんか？優しくて穏やかな桜ガールに癒されたいと思いませんか？  厳選されたキュートな日本人美女たちが勢揃い。フレンドリーな性格と行き届いたサービスで、いつでもご利用いただけます。東京でも大阪でも、市内全域へ迅速にお伺いし、プライベートでリラックスした時間をお過ごしいただけます。💕  🛎️ いつでもご利用いただけます | ホテル、ゲストハウス、ご自宅への出張も可能です  📍 東京 | 大阪 お問い合わせ： Telegram: @YL8861 Gleezy: jk608 LINE: yl608","","","🌸 東京＆大阪 - 桜ガール出張サービス 🌸 長い一日で疲れていませんか？優しくて穏やかな桜ガールに癒されたいと思いませんか？  厳選されたキュートな日本人美女たちが勢揃い。フレンドリーな性格と行き届いたサービスで、いつでもご利用いただけます。東京でも大阪でも、市内全域へ迅速にお伺いし、プライベートでリラックスした時間をお過ごしいただけます。💕  🛎️ いつでもご利用いただけます | ホテル、ゲストハウス、ご自宅への出張も可能です  📍 東京 | 大阪 お問い合わせ： Telegram: @YL8861 Gleezy: jk608 LINE: yl608","","","惠子林"
"","FALSE","Trip.com","9","2026-05-04","東京競馬場へ行くのに使用しました 清潔感があり、とても良かった 近くにはデパートや居酒屋がたくさんあり、便利 また使います","","","東京競馬場へ行くのに使用しました 清潔感があり、とても良かった 近くにはデパートや居酒屋がたくさんあり、便利 また使います","","","匿‍名‍ユ‍ー‍ザ‍ー","","FALSE","Trip.com","9","2026-05-04","東京競馬場へ行くのに使用しました 清潔感があり、とても良かった 近くにはデパートや居酒屋がたくさんあり、便利 また使います","","","東京競馬場へ行くのに使用しました 清潔感があり、とても良かった 近くにはデパートや居酒屋がたくさんあり、便利 また使います","","","匿‍名‍ユ‍ー‍ザ‍ー"
"","FALSE","Trip.com","10","2026-05-04","酒店乾淨整潔，周邊吃飯購物交通非常便利","","","ホテルは清潔で整頓されており、周辺地域は食事、買い物、交通機関へのアクセスが非常に便利です。","","","a‍n‍g‍e‍l‍a‍l‍o‍u","","FALSE","Trip.com","10","2026-05-04","酒店乾淨整潔，周邊吃飯購物交通非常便利","","","ホテルは清潔で整頓されており、周辺地域は食事、買い物、交通機関へのアクセスが非常に便利です。","","","a‍n‍g‍e‍l‍a‍l‍o‍u"
"","FALSE","Agoda","8","2026-05-02","お部屋が落ち着いた雰囲気で、とても清潔でした．朝食も美味しかったです．府中駅から直結でとても便利","","","お部屋が落ち着いた雰囲気で、とても清潔でした．朝食も美味しかったです．府中駅から直結でとても便利","","","Chiaki","","FALSE","Agoda","8","2026-05-02","お部屋が落ち着いた雰囲気で、とても清潔でした．朝食も美味しかったです．府中駅から直結でとても便利","","","お部屋が落ち着いた雰囲気で、とても清潔でした．朝食も美味しかったです．府中駅から直結でとても便利","","","Chiaki"
"","FALSE","Booking.com","8","2026-05-02","","","","","","","Takafumi","","FALSE","Booking.com","8","2026-05-02","","","","","","","Takafumi"
"","FALSE","楽天トラベル","5","2026-05-01","部屋はきれいで安心でした。 化粧水などのアメニティはフロントロビーに置いてあるものを貰っていく形式です。 廊下で騒がれると音は気になります。 朝食は種類は多くありませんが、和洋ありどちらもおいしかったです。","","","部屋はきれいで安心でした。 化粧水などのアメニティはフロントロビーに置いてあるものを貰っていく形式です。 廊下で騒がれると音は気になります。 朝食は種類は多くありませんが、和洋ありどちらもおいしかったです。","","","necocoa3062","","FALSE","楽天トラベル","5","2026-05-01","部屋はきれいで安心でした。 化粧水などのアメニティはフロントロビーに置いてあるものを貰っていく形式です。 廊下で騒がれると音は気になります。 朝食は種類は多くありませんが、和洋ありどちらもおいしかったです。","","","部屋はきれいで安心でした。 化粧水などのアメニティはフロントロビーに置いてあるものを貰っていく形式です。 廊下で騒がれると音は気になります。 朝食は種類は多くありませんが、和洋ありどちらもおいしかったです。","","","necocoa3062"
"","FALSE","Google","1","2026-05-01","都内の家からは遠いので、都下に遊びに行く際に20回程利用してきました。 今回の連泊ではお掃除の際荷物を触られ、更にテレビ下に投げられ、とても不安になり不信感を抱きました。不快に思い、キャンセル料はかかっても他の日はキャンセルしました。 お掃除の方は何がご不満だったのでしょうか⋯。 物も無くなったのではないか・宿泊客の荷物を荒らすお掃除の方であれば何をするか分からない・荷物を探られたのではないか・コップも不潔なのでは⋯と普通のホテルでは考えられない安心出来ない滞在となりました。 ホテル業は信頼が大切です。 初めて利用しましたが、ビジネスホテルとは言え、二層式の古いコインランドリーは大変不潔で使うことを躊躇しました。 そして楽天トラベルに口コミ評価を記載しましたが、そちらを消されていたので、悪い評価は消すなどという行為も何もかも【無し】だなと感じました。不誠実です。","","","都内の家からは遠いので、都下に遊びに行く際に20回程利用してきました。 今回の連泊ではお掃除の際荷物を触られ、更にテレビ下に投げられ、とても不安になり不信感を抱きました。不快に思い、キャンセル料はかかっても他の日はキャンセルしました。 お掃除の方は何がご不満だったのでしょうか⋯。 物も無くなったのではないか・宿泊客の荷物を荒らすお掃除の方であれば何をするか分からない・荷物を探られたのではないか・コップも不潔なのでは⋯と普通のホテルでは考えられない安心出来ない滞在となりました。 ホテル業は信頼が大切です。 初めて利用しましたが、ビジネスホテルとは言え、二層式の古いコインランドリーは大変不潔で使うことを躊躇しました。 そして楽天トラベルに口コミ評価を記載しましたが、そちらを消されていたので、悪い評価は消すなどという行為も何もかも【無し】だなと感じました。不誠実です。","","","x9b2j-rs x9b2j-rs","","FALSE","Google","1","2026-05-01","都内の家からは遠いので、都下に遊びに行く際に20回程利用してきました。 今回の連泊ではお掃除の際荷物を触られ、更にテレビ下に投げられ、とても不安になり不信感を抱きました。不快に思い、キャンセル料はかかっても他の日はキャンセルしました。 お掃除の方は何がご不満だったのでしょうか⋯。 物も無くなったのではないか・宿泊客の荷物を荒らすお掃除の方であれば何をするか分からない・荷物を探られたのではないか・コップも不潔なのでは⋯と普通のホテルでは考えられない安心出来ない滞在となりました。 ホテル業は信頼が大切です。 初めて利用しましたが、ビジネスホテルとは言え、二層式の古いコインランドリーは大変不潔で使うことを躊躇しました。 そして楽天トラベルに口コミ評価を記載しましたが、そちらを消されていたので、悪い評価は消すなどという行為も何もかも【無し】だなと感じました。不誠実です。","","","都内の家からは遠いので、都下に遊びに行く際に20回程利用してきました。 今回の連泊ではお掃除の際荷物を触られ、更にテレビ下に投げられ、とても不安になり不信感を抱きました。不快に思い、キャンセル料はかかっても他の日はキャンセルしました。 お掃除の方は何がご不満だったのでしょうか⋯。 物も無くなったのではないか・宿泊客の荷物を荒らすお掃除の方であれば何をするか分からない・荷物を探られたのではないか・コップも不潔なのでは⋯と普通のホテルでは考えられない安心出来ない滞在となりました。 ホテル業は信頼が大切です。 初めて利用しましたが、ビジネスホテルとは言え、二層式の古いコインランドリーは大変不潔で使うことを躊躇しました。 そして楽天トラベルに口コミ評価を記載しましたが、そちらを消されていたので、悪い評価は消すなどという行為も何もかも【無し】だなと感じました。不誠実です。","","","x9b2j-rs x9b2j-rs"
"","FALSE","Trip.com","9","2026-04-30","駅に近くて便利すぎた ただ駅ナカにあるセブンの閉店時間が早いので⚠️ ホテルは雨に当たらず入らない事もでき 朝食が美味しかった！ここはオススメできます！","","","駅に近くて便利すぎた ただ駅ナカにあるセブンの閉店時間が早いので⚠️ ホテルは雨に当たらず入らない事もでき 朝食が美味しかった！ここはオススメできます！","","","m‍a‍r‍u‍c‍o‍r‍o","","","","","","","","","","","",""
"","FALSE","楽天トラベル","5","2026-04-29","いつ来てもいい感じのホテルです。スタッフや設備の清潔さ、朝食の質も高い。","","","いつ来てもいい感じのホテルです。スタッフや設備の清潔さ、朝食の質も高い。","","","Nuuun","","","","","","","","","","","",""
"","FALSE","Agoda","10","2026-04-29","府中駅直結で駅近くにデパートやコンビニなどお店がたくさんあります。 部屋も広く電子レンジや製氷器もフロアにあり便利でした。 テレビもNetflixなど配信サービスが視聴できるので楽しめましたし、部屋も広いです。 朝食ビュッフェも堪能できました。とても美味しかったです！","","","府中駅直結で駅近くにデパートやコンビニなどお店がたくさんあります。 部屋も広く電子レンジや製氷器もフロアにあり便利でした。 テレビもNetflixなど配信サービスが視聴できるので楽しめましたし、部屋も広いです。 朝食ビュッフェも堪能できました。とても美味しかったです！","","","tsuruya","","","","","","","","","","","",""
"","FALSE","Google","5","2026-04-29","2026年4月28日、私と娘はここに一泊しました。下の娘が近くの住居に引っ越す前に、ここに滞在することにしたのです。私たちは電車で来ましたが、ホテルは府中駅のすぐ隣にあります。数週間後にレンタカーでまた来ようかとも考えましたが、ホテルには自転車用の駐輪場しかありませんでした。","","","2026年4月28日、私と娘はここに一泊しました。下の娘が近くの住居に引っ越す前に、ここに滞在することにしたのです。私たちは電車で来ましたが、ホテルは府中駅のすぐ隣にあります。数週間後にレンタカーでまた来ようかとも考えましたが、ホテルには自転車用の駐輪場しかありませんでした。","","","Peter Kam Fai Cheung","","","","","","","","","","","",""
"","FALSE","Google","5","2026-04-29","On 28 April, 2026, my and I checked in here for one night. Our younger daughter chose to stay here before moving in her premises nearby. We came here by train and hotel is just next to the Fuchu station. We thought about returning here weeks later with a rental car, however, the hotel has just  parking for bicycles.","","","2026年4月28日、私と娘はここに一泊しました。下の娘が近くの住居に引っ越す前に、ここに滞在することにしたのです。私たちは電車で来ましたが、ホテルは府中駅のすぐ隣にあります。数週間後にレンタカーでまた来ようかとも考えましたが、ホテルには自転車用の駐輪場しかありませんでした。","","","Peter Kam Fai Cheung","","","","","","","","","","","",""
"","FALSE","楽天トラベル","4","2026-04-28","駅からのアクセスもよく、部屋はシンプルかつ清潔でとても快適に過ごせました。アメニティも揃っていて、落ち着いた環境と文字通りけやきの緑で癒やされました。お安い駐車場がもう少し近ければなお良し。問題ない距離ですが駐車するのに一苦労する高架下のスペースでした。","","","駅からのアクセスもよく、部屋はシンプルかつ清潔でとても快適に過ごせました。アメニティも揃っていて、落ち着いた環境と文字通りけやきの緑で癒やされました。お安い駐車場がもう少し近ければなお良し。問題ない距離ですが駐車するのに一苦労する高架下のスペースでした。","","","midoriii","","","","","","","","","","","",""
"","FALSE","じゃらん","4","2026-04-27","もう何度も利用していますが ホント駅近で雨の日に傘要らずで立地最高です この地域に用がある時は必ずここに泊まります ただ空きがない時もよくあります  ホテルの方も気持ちのいい応対で 満足です  これからも宜しくお願いします","","","もう何度も利用していますが ホント駅近で雨の日に傘要らずで立地最高です この地域に用がある時は必ずここに泊まります ただ空きがない時もよくあります  ホテルの方も気持ちのいい応対で 満足です  これからも宜しくお願いします","","","チョメさん","","","","","","","","","","","",""
"","FALSE","Trip.com","10","2026-04-27","The hotel is close to the train station and shopping mall, it is easy to find food, the hotel receptionist is polite and good service 👍🏼","","","ホテルは駅やショッピングモールに近く、食事場所も見つけやすく、ホテルの受付係は丁寧でサービスも良かったです👍🏼","","","匿‍名‍ユ‍ー‍ザ‍ー","","","","","","","","","","","",""
"","FALSE","Google","5","2026-04-27","立地、客室の綺麗さ、全てにおいて素晴らしかったです。特に部屋が広いのと、写真のように部屋のテレビが大きかったのが良かったです。","","","立地、客室の綺麗さ、全てにおいて素晴らしかったです。特に部屋が広いのと、写真のように部屋のテレビが大きかったのが良かったです。","","","むらかみ","","","","","","","","","","","",""
"","FALSE","じゃらん","5","2026-04-27","会場近くのホテルでしたので利用しました。  朝食は1回だけ追加していただきましたが、お部屋のテレビで見れる混雑情報では混んでいる表記だったものの行ってみると広い会場に3組くらいしかおらず拍子抜けしました笑  近くにコンビニや飲食店も多く、利用しやすいホテルでした。","","","会場近くのホテルでしたので利用しました。  朝食は1回だけ追加していただきましたが、お部屋のテレビで見れる混雑情報では混んでいる表記だったものの行ってみると広い会場に3組くらいしかおらず拍子抜けしました笑  近くにコンビニや飲食店も多く、利用しやすいホテルでした。","","","さっこさん","","","","","","","","","","","",""
"","FALSE","楽天トラベル","5","2026-04-26","とてもきれいなホテルで、ベッドの寝心地が大変良かったです。また利用したいと思えるホテルでした、","","","とてもきれいなホテルで、ベッドの寝心地が大変良かったです。また利用したいと思えるホテルでした、","","","コロンビア4","","","","","","","","","","","",""
"","FALSE","Agoda","10","2026-04-26","初めて利用させていただきましたが、駅からも近く、1階にはドラッグストアやカフェも入っており、近くにはコンビニや書店もあり、ロケーションがとても良かったです。そして、何より清潔感があり、アメニティも程よく充実していたように思います。また機会があれば、是非利用させていただきたいと思います。","","","初めて利用させていただきましたが、駅からも近く、1階にはドラッグストアやカフェも入っており、近くにはコンビニや書店もあり、ロケーションがとても良かったです。そして、何より清潔感があり、アメニティも程よく充実していたように思います。また機会があれば、是非利用させていただきたいと思います。","","","ARA","","","","","","","","","","","",""
"","FALSE","Google","4","2026-04-26","","","","","","","なぁさん","","","","","","","","","","","",""
"","FALSE","Google","5","2026-04-25","接近性、清潔、サービス全体的にとても充実してます。次も利用したいです。(ただ、バッド側のコンセントからの充電はとても遅いです。泊まったその部屋のみか全体的にそうなのかはしりまさんが)","","","接近性、清潔、サービス全体的にとても充実してます。次も利用したいです。(ただ、バッド側のコンセントからの充電はとても遅いです。泊まったその部屋のみか全体的にそうなのかはしりまさんが)","","","JH K","","","","","","","","","","","",""
"","FALSE","楽天トラベル","5","2026-04-25","出張で利用しました。 初めての利用でしたが、府中駅から直結でスムーズにチェックインできました。 当日、雨だったこともありとても助かりました。 また、廊下からの音や隣の部屋の音など全く気にならず、快適でした。 機会があれば、また利用したいです。 ありがとうございました。","","","出張で利用しました。 初めての利用でしたが、府中駅から直結でスムーズにチェックインできました。 当日、雨だったこともありとても助かりました。 また、廊下からの音や隣の部屋の音など全く気にならず、快適でした。 機会があれば、また利用したいです。 ありがとうございました。","","","ポパペン","","","","","","","","","","","",""
"","FALSE","Booking.com","7","2026-04-25","","静かでよい。マイペースで使用出来てよい。","シャワーキャップがあったら良かった。以前はあったような気がして持って来なかった。","","静かでよい。マイペースで使用出来てよい。","シャワーキャップがあったら良かった。以前はあったような気がして持って来なかった。","Kumie","","","","","","","","","","","",""
"","FALSE","Booking.com","10","2026-04-23","","","","","","","Kurumi","","","","","","","","","","","",""
"","FALSE","Agoda","8","2026-04-23","ゆっくりと過ごしたくて泊まりました お部屋でゆったり過ごせました また機会があれば泊まりたいです","","","ゆっくりと過ごしたくて泊まりました お部屋でゆったり過ごせました また機会があれば泊まりたいです","","","HIROMI","","","","","","","","","","","",""
"","FALSE","楽天トラベル","5","2026-04-23","朝食付きプランでも安かったので朝食に期待はそんなにしていませんでしたがとても良かったです。駅直結なのもかなり良いです。","","","朝食付きプランでも安かったので朝食に期待はそんなにしていませんでしたがとても良かったです。駅直結なのもかなり良いです。","","","ハナラッキーパープル","","","","","","","","","","","",""
"","FALSE","楽天トラベル","5","2026-04-23","府中駅から直結で大変便利。 施設・設備も清潔で整っており、お部屋も使いやすく寛げました。ベッドも快適でぐっすり眠ることが出来ました。 朝食も美味しかったです。 東京ドームでのライブ参加のため利用しましたが、不便さは感じず良いホテルに出会えて良かったです。 (今まで利用していた水道橋周辺のホテルは軒並み宿泊費高騰で…) 各スタッフの方の対応も笑顔も好印象で、また機会がありましたら利用させて頂きます。ありがとうございました。","","","府中駅から直結で大変便利。 施設・設備も清潔で整っており、お部屋も使いやすく寛げました。ベッドも快適でぐっすり眠ることが出来ました。 朝食も美味しかったです。 東京ドームでのライブ参加のため利用しましたが、不便さは感じず良いホテルに出会えて良かったです。 (今まで利用していた水道橋周辺のホテルは軒並み宿泊費高騰で…) 各スタッフの方の対応も笑顔も好印象で、また機会がありましたら利用させて頂きます。ありがとうございました。","","","moai37","","","","","","","","","","","",""
"","FALSE","楽天トラベル","4","2026-04-21","部屋は少し狭かったですけど、スタッフの方の対応は大変良かったです。できれば部屋にも鏡があれば良かったです。","","","部屋は少し狭かったですけど、スタッフの方の対応は大変良かったです。できれば部屋にも鏡があれば良かったです。","","","masha3422","","","","","","","","","","","",""
"","FALSE","Booking.com","6","2026-04-21","","","","","","","Koichi","","","","","","","","","","","",""
"","FALSE","Agoda","10","2026-04-20","きれいなホテルで、朝食もおいしいです。空いている時はよく利用しています。","","","きれいなホテルで、朝食もおいしいです。空いている時はよく利用しています。","","","達志","","","","","","","","","","","",""
"","FALSE","楽天トラベル","5","2026-04-19","京王アリーナのイベントに参加してこちらを利用させていただきました。 府中駅隣接で迷わずいけました。 フロントの対応も良く説明も丁寧で部屋も広く 大満足ですごせました。 近くにたくさんお店もあり食べるのにも困りませんが今度は朝食つきにしてみたいです。 また機会があれば利用したいです。","","","京王アリーナのイベントに参加してこちらを利用させていただきました。 府中駅隣接で迷わずいけました。 フロントの対応も良く説明も丁寧で部屋も広く 大満足ですごせました。 近くにたくさんお店もあり食べるのにも困りませんが今度は朝食つきにしてみたいです。 また機会があれば利用したいです。","","","あっくんとママ","","","","","","","","","","","",""
"","FALSE","Trip.com","10","2026-04-19","房間很大 設施也挺好的，就是前台服務過於小心翼翼有點奇怪，可能就是日本人的不安吧","","","部屋は広く設備もかなり良かったのですが、フロントの対応が少し慎重すぎたのが少し不思議でした。もしかしたら日本人特有の神経質さなのかもしれません。","","","ゲ‍ス‍ト","","","","","","","","","","","",""
"","FALSE","Trip.com","10","2026-04-19","中櫸是我三年來 每次來府中必選酒店 沒有之一 前台服務很貼心 有泡澡的葯浴 掛耳咖啡哦","","","過去3年間、福中を訪れる際は必ず中居ホテルを利用しています。フロントの対応は非常に丁寧で、薬草風呂やドリップコーヒーも提供しています。","","","ゲ‍ス‍ト","","","","","","","","","","","",""
"","FALSE","じゃらん","5","2026-04-17","チェックインする日の朝ホテルのチェックアウト時間帯に荷物をお預かり頂き尚且つ荷物が  たくさんあったのでチェックイン前にお部屋に予め運んで頂き大変助かりました。  お部屋も綺麗で、バス・トイレ部分も広く快適でした。  エレベーターのボタンをちゃんと押したつもりが私が押していなかった様でフロント前のドアが開いた時駆けつけて教えて頂き恐縮でした。  ありがとうございました。  チェックアウト時にはダンボールを配送するのですがお部屋から運ぶお手伝いも引き受けて頂き大変助かりました。ありがとうございました。  またそちらの地域に行く事があれば利用したいと考えております。","","","チェックインする日の朝ホテルのチェックアウト時間帯に荷物をお預かり頂き尚且つ荷物が  たくさんあったのでチェックイン前にお部屋に予め運んで頂き大変助かりました。  お部屋も綺麗で、バス・トイレ部分も広く快適でした。  エレベーターのボタンをちゃんと押したつもりが私が押していなかった様でフロント前のドアが開いた時駆けつけて教えて頂き恐縮でした。  ありがとうございました。  チェックアウト時にはダンボールを配送するのですがお部屋から運ぶお手伝いも引き受けて頂き大変助かりました。ありがとうございました。  またそちらの地域に行く事があれば利用したいと考えております。","","","あーさんさん","","","","","","","","","","","",""
"","FALSE","Booking.com","10","2026-04-16","","","","","","","照井","","","","","","","","","","","",""
"","FALSE","Google","1","2026-04-15","泊まりに来たのに、時間制限があってホテルに入らないのが腹がたった","","","泊まりに来たのに、時間制限があってホテルに入らないのが腹がたった","","","c","","","","","","","","","","","",""
"","FALSE","Trip.com","10","2026-04-13","雨が降っていても濡れずにホテルまで行くことができます。ナビを起動させる前にホテルに到着しました。 お部屋も静かで、清潔感があってキレイでした。 また機会があれば利用させてもらおうと思います。","","","雨が降っていても濡れずにホテルまで行くことができます。ナビを起動させる前にホテルに到着しました。 お部屋も静かで、清潔感があってキレイでした。 また機会があれば利用させてもらおうと思います。","","","ゲ‍ス‍ト","","","","","","","","","","","",""
"","FALSE","Agoda","6","2026-04-12","味の素スタジアムでのライブで使用しました。駅からの直結で迷うことなく行け、周辺には食事場所もたくさんあり良かったです✨  しかし、床に私たちの髪型からは考えられない長さの髪が落ちていたり、冷蔵庫の取っ手には埃？クモの巣？みたいなのが付いていて、ちょっと清掃面は残念でした😭  それ以外は快適に過ごせました","","","味の素スタジアムでのライブで使用しました。駅からの直結で迷うことなく行け、周辺には食事場所もたくさんあり良かったです✨  しかし、床に私たちの髪型からは考えられない長さの髪が落ちていたり、冷蔵庫の取っ手には埃？クモの巣？みたいなのが付いていて、ちょっと清掃面は残念でした😭  それ以外は快適に過ごせました","","","Atsuko","","","","","","","","","","","",""
"","FALSE","楽天トラベル","4","2026-04-12","3回目の利用になります。前回２回は駅側の部屋でしたが、今回は道路側の低層階でした。 夜中にトラックや、やんちゃな車の音が気になりました。 それ以外は朝食を含めて満足なので、また利用します。","","","3回目の利用になります。前回２回は駅側の部屋でしたが、今回は道路側の低層階でした。 夜中にトラックや、やんちゃな車の音が気になりました。 それ以外は朝食を含めて満足なので、また利用します。","","","hunchakapa","","","","","","","","","","","",""
"","FALSE","Booking.com","8","2026-04-11","","","","","","","Makiko","","","","","","","","","","","",""
"","FALSE","Google","5","2026-04-11","","","","","","","Takeshi Kawajiri","","","","","","","","","","","",""
"","FALSE","Agoda","9","2026-04-11","部屋も広くてきれいでゆっくり過ごせたと家族談でした。","","","部屋も広くてきれいでゆっくり過ごせたと家族談でした。","","","HIRO","","","","","","","","","","","",""
"","FALSE","じゃらん","5","2026-04-11","とても清潔感のあるホテルでした。  朝食はブッフェ形式で、全部美味しかったです。  交通の便も良く、機会があればまた利用させて  頂きたいです。","","","とても清潔感のあるホテルでした。  朝食はブッフェ形式で、全部美味しかったです。  交通の便も良く、機会があればまた利用させて  頂きたいです。","","","ゆうやさん","","","","","","","","","","","",""
"","FALSE","楽天トラベル","5","2026-04-10","最高にお気に入りのホテルです。 フロントのレギュラーコーヒーが嬉しいです。","","","最高にお気に入りのホテルです。 フロントのレギュラーコーヒーが嬉しいです。","","","yacchi1209","","","","","","","","","","","",""
"","FALSE","じゃらん","5","2026-04-10","よい宿でした。部屋の清掃ができていて綺麗で広くて快適でした。また府中に用事があるときは利用したいと思います。","","","よい宿でした。部屋の清掃ができていて綺麗で広くて快適でした。また府中に用事があるときは利用したいと思います。","","","だいさん","","","","","","","","","","","",""
"","FALSE","楽天トラベル","1","2026-04-09","利便性の面でいつも家族共々お世話になっていました。 今回も連泊しましたが、朝外出する際「ベッドの隙間に落としてしまった目薬」について、見つかったら取っておいてくださいとフロントの方にお伝えしました。  部屋に戻ると、枕元にさしてあったスマホの充電器と目薬がテレビ前(テレビ下にも)に投げられおり、目を疑いました。 普通なら連泊で充電器をわざわざ抜かれたことはないですし、掃除の際邪魔でスマホの充電器を抜いたとしても、テレビ前に投げることは無いと思います。 何故「抜いてくださった」と思わず「適当に投げられた」と感じたかと言うと、コードをまとめようとした痕跡もなく、更にコンセント部分もコードもテレビ下のホコリまみれの所にまで潜り込み、そしてお願いしていた目薬はそのくるっとなったコードの上に倒れて斜めに適当に置かれており、共にホコリまみれになり汚れていたこと。考えられず、除菌シートを買いにコンビニに行ったほどでした。歯磨きの際のコップ等も不潔に感じ、紙コップも購入しに行きました。 そして、寝る時には、シーツに経血がついており、更に不快に思いました。 コインランドリーも洗濯と乾燥に分かれていましたが全く掃除がされておらず、不潔でした。 フロントの方はこの価格でしたら許容範囲かと思いますが、清掃と連泊者の部屋の物の処理に対しとても不快に思い、物も無くなったのではないか・他のものも適当に触られたのではないか・ちゃんと掃除されていないのではないかと気持ち悪く感じました。 キャンセル料はかかりましたが、とても不潔で不快でしたので、フロントの方には何もお伝えせず最後の２日はキャンセル致しました。 何事もそうですが、寝泊まりし物を置き連泊するのですからホテル業は特に信頼が大切です。 ぞんざいに扱わず、ある程度は宿泊客として扱った方がトラブルにならないと思います。 安価なホテルとは言え酷いホテルで、今まで信頼し泊まってきた事にゾッとしました。","","","利便性の面でいつも家族共々お世話になっていました。 今回も連泊しましたが、朝外出する際「ベッドの隙間に落としてしまった目薬」について、見つかったら取っておいてくださいとフロントの方にお伝えしました。  部屋に戻ると、枕元にさしてあったスマホの充電器と目薬がテレビ前(テレビ下にも)に投げられおり、目を疑いました。 普通なら連泊で充電器をわざわざ抜かれたことはないですし、掃除の際邪魔でスマホの充電器を抜いたとしても、テレビ前に投げることは無いと思います。 何故「抜いてくださった」と思わず「適当に投げられた」と感じたかと言うと、コードをまとめようとした痕跡もなく、更にコンセント部分もコードもテレビ下のホコリまみれの所にまで潜り込み、そしてお願いしていた目薬はそのくるっとなったコードの上に倒れて斜めに適当に置かれており、共にホコリまみれになり汚れていたこと。考えられず、除菌シートを買いにコンビニに行ったほどでした。歯磨きの際のコップ等も不潔に感じ、紙コップも購入しに行きました。 そして、寝る時には、シーツに経血がついており、更に不快に思いました。 コインランドリーも洗濯と乾燥に分かれていましたが全く掃除がされておらず、不潔でした。 フロントの方はこの価格でしたら許容範囲かと思いますが、清掃と連泊者の部屋の物の処理に対しとても不快に思い、物も無くなったのではないか・他のものも適当に触られたのではないか・ちゃんと掃除されていないのではないかと気持ち悪く感じました。 キャンセル料はかかりましたが、とても不潔で不快でしたので、フロントの方には何もお伝えせず最後の２日はキャンセル致しました。 何事もそうですが、寝泊まりし物を置き連泊するのですからホテル業は特に信頼が大切です。 ぞんざいに扱わず、ある程度は宿泊客として扱った方がトラブルにならないと思います。 安価なホテルとは言え酷いホテルで、今まで信頼し泊まってきた事にゾッとしました。","","","不明","","","","","","","","","","","",""
"","FALSE","じゃらん","5","2026-04-09","1週間の東京出張で利用させていただきました。  部屋は広々としており荷物を置いても十分なスペースを確保できて各作業も問題なく捗りました。  朝食も綺麗で席に余裕がある会場が用意されておりメニューも満足できる物でした。個人的に焼き魚が毎日用意してあるのがありがたかったです。  昨今の物価高でこの値段でこのサービスを提供できるのは素晴らしいと思います。次回こちらに用事がある際にはやや遠方となってもまた利用させていただきたいです。","","","1週間の東京出張で利用させていただきました。  部屋は広々としており荷物を置いても十分なスペースを確保できて各作業も問題なく捗りました。  朝食も綺麗で席に余裕がある会場が用意されておりメニューも満足できる物でした。個人的に焼き魚が毎日用意してあるのがありがたかったです。  昨今の物価高でこの値段でこのサービスを提供できるのは素晴らしいと思います。次回こちらに用事がある際にはやや遠方となってもまた利用させていただきたいです。","","","KOUさん","","","","","","","","","","","",""
"","FALSE","楽天トラベル","4","2026-04-08","本文なし","","","本文なし","","","パープルYU","","","","","","","","","","","",""
"","FALSE","Google","1","2026-04-08","これまで何度も利用してきましたが、今回は本当に我慢できません。 こんなコメントを書くのは初めてです。  これまで部屋の清潔さや接客については、正直「完璧ではない」と感じることもありましたが、自宅から近く、孫に会うため立地を優先して利用していました。 しかし今回は、そのような理由で利用していたことを後悔するレベルの対応でした。 じゃらんで事前に予約しているにもかかわらず、チェックイン時に「予約が見つからない」と言われ、夜遅い時間に30分以上も待たされました。同行していた70代の家族は、夜便の長距離フライト直後で疲れ切っている状態でした。 それにもかかわらず、スタッフから十分な説明も謝罪もなく、最終的に「ありました」とだけ言われました。あまりにも配慮に欠ける対応で、本当に信じられない思いでした。 予約システムの問題があったとしても、その後の対応は完全に接客・教育の問題だと感じます。利用者の状況を考えた最低限の配慮があってしかるべきではないでしょうか。 これまで多少の不満には目をつぶってきましたが、今回の件で信頼は完全に失われました。 今後の利用は考えられません。基本的な接客対応の改善を強く求めます。","","","これまで何度も利用してきましたが、今回は本当に我慢できません。 こんなコメントを書くのは初めてです。  これまで部屋の清潔さや接客については、正直「完璧ではない」と感じることもありましたが、自宅から近く、孫に会うため立地を優先して利用していました。 しかし今回は、そのような理由で利用していたことを後悔するレベルの対応でした。 じゃらんで事前に予約しているにもかかわらず、チェックイン時に「予約が見つからない」と言われ、夜遅い時間に30分以上も待たされました。同行していた70代の家族は、夜便の長距離フライト直後で疲れ切っている状態でした。 それにもかかわらず、スタッフから十分な説明も謝罪もなく、最終的に「ありました」とだけ言われました。あまりにも配慮に欠ける対応で、本当に信じられない思いでした。 予約システムの問題があったとしても、その後の対応は完全に接客・教育の問題だと感じます。利用者の状況を考えた最低限の配慮があってしかるべきではないでしょうか。 これまで多少の不満には目をつぶってきましたが、今回の件で信頼は完全に失われました。 今後の利用は考えられません。基本的な接客対応の改善を強く求めます。","","","B","","","","","","","","","","","",""
"","FALSE","楽天トラベル","4","2026-04-07","立地条件も良く(駅近)けやき通りに面しているので気持ちも良かったです。 室内もとてもきれいです。朝食も美味しかったのですがデザートにフルーツがあれば尚良かったと思います。 ドリンク用に紙コップとグラスがあったのですがカップがあればよいと思いました。 ","","","立地条件も良く(駅近)けやき通りに面しているので気持ちも良かったです。 室内もとてもきれいです。朝食も美味しかったのですがデザートにフルーツがあれば尚良かったと思います。 ドリンク用に紙コップとグラスがあったのですがカップがあればよいと思いました。 ","","","ネコ２２41","","","","","","","","","","","",""
"","FALSE","Booking.com","7","2026-04-07","","La disponibilité du personnel à l'écoute des clients de l'hôtel. J'ai apprécié notamment l'aide apportée pour le changement de carte SIM. La chambre était spacieuse et confortable.","Le petit déjeuner aurait pu être de meilleure qualité notamment pour les viennoiseries et le café","","スタッフの方々はとても親切で、宿泊客のニーズにきめ細やかに対応してくれました。特にSIMカードの交換を手伝ってくれたことに感謝しています。部屋は広々としていて快適でした。","朝食はもっと質の良いものにできたはずだ。特にペストリーとコーヒーは。","Christine","","","","","","","","","","","",""
"","FALSE","Booking.com","8","2026-04-06","","Very close to train station  My room was very quiet and bed comfy","","","駅にとても近く、部屋はとても静かでベッドも快適でした。","","Dianne","","","","","","","","","","","",""
"","FALSE","楽天トラベル","5","2026-04-05","府中駅からすぐの立地で本当に便利です。お部屋も綺麗、バスルームも広めでアメニティグッツも充実してます。フロントの方も親切で府中にくるかたへぜひおすすめしたいホテルです。 ","","","府中駅からすぐの立地で本当に便利です。お部屋も綺麗、バスルームも広めでアメニティグッツも充実してます。フロントの方も親切で府中にくるかたへぜひおすすめしたいホテルです。 ","","","kokorokorokoro","","","","","","","","","","","",""
"","FALSE","じゃらん","5","2026-04-04","昨年に引き続き2回目の利用です。部屋もキレイで居心地も良いです。朝食のメニューは少ないけど、非常に美味しくいただきました。スマホの動画をテレビへ転送できるシステムも良かったです。","","","昨年に引き続き2回目の利用です。部屋もキレイで居心地も良いです。朝食のメニューは少ないけど、非常に美味しくいただきました。スマホの動画をテレビへ転送できるシステムも良かったです。","","","nisihiさん","","","","","","","","","","","",""
"","","","","","","","","","","","","","FALSE","Trip.com","9","2026-04-30","駅に近くて便利すぎた ただ駅ナカにあるセブンの閉店時間が早いので⚠️ ホテルは雨に当たらず入らない事もでき 朝食が美味しかった！ここはオススメできます！","","","駅に近くて便利すぎた ただ駅ナカにあるセブンの閉店時間が早いので⚠️ ホテルは雨に当たらず入らない事もでき 朝食が美味しかった！ここはオススメできます！","","","m‍a‍r‍u‍c‍o‍r‍o"
"","","","","","","","","","","","","","FALSE","楽天トラベル","5","2026-04-29","いつ来てもいい感じのホテルです。スタッフや設備の清潔さ、朝食の質も高い。","","","いつ来てもいい感じのホテルです。スタッフや設備の清潔さ、朝食の質も高い。","","","Nuuun"
"","","","","","","","","","","","","","FALSE","Agoda","10","2026-04-29","府中駅直結で駅近くにデパートやコンビニなどお店がたくさんあります。 部屋も広く電子レンジや製氷器もフロアにあり便利でした。 テレビもNetflixなど配信サービスが視聴できるので楽しめましたし、部屋も広いです。 朝食ビュッフェも堪能できました。とても美味しかったです！","","","府中駅直結で駅近くにデパートやコンビニなどお店がたくさんあります。 部屋も広く電子レンジや製氷器もフロアにあり便利でした。 テレビもNetflixなど配信サービスが視聴できるので楽しめましたし、部屋も広いです。 朝食ビュッフェも堪能できました。とても美味しかったです！","","","tsuruya"
"","","","","","","","","","","","","","FALSE","Google","5","2026-04-29","2026年4月28日、私と娘はここに一泊しました。下の娘が近くの住居に引っ越す前に、ここに滞在することにしたのです。私たちは電車で来ましたが、ホテルは府中駅のすぐ隣にあります。数週間後にレンタカーでまた来ようかとも考えましたが、ホテルには自転車用の駐輪場しかありませんでした。","","","2026年4月28日、私と娘はここに一泊しました。下の娘が近くの住居に引っ越す前に、ここに滞在することにしたのです。私たちは電車で来ましたが、ホテルは府中駅のすぐ隣にあります。数週間後にレンタカーでまた来ようかとも考えましたが、ホテルには自転車用の駐輪場しかありませんでした。","","","Peter Kam Fai Cheung"
"","","","","","","","","","","","","","FALSE","Google","5","2026-04-29","On 28 April, 2026, my and I checked in here for one night. Our younger daughter chose to stay here before moving in her premises nearby. We came here by train and hotel is just next to the Fuchu station. We thought about returning here weeks later with a rental car, however, the hotel has just  parking for bicycles.","","","2026年4月28日、私と娘はここに一泊しました。下の娘が近くの住居に引っ越す前に、ここに滞在することにしたのです。私たちは電車で来ましたが、ホテルは府中駅のすぐ隣にあります。数週間後にレンタカーでまた来ようかとも考えましたが、ホテルには自転車用の駐輪場しかありませんでした。","","","Peter Kam Fai Cheung"
"","","","","","","","","","","","","","FALSE","楽天トラベル","4","2026-04-28","駅からのアクセスもよく、部屋はシンプルかつ清潔でとても快適に過ごせました。アメニティも揃っていて、落ち着いた環境と文字通りけやきの緑で癒やされました。お安い駐車場がもう少し近ければなお良し。問題ない距離ですが駐車するのに一苦労する高架下のスペースでした。","","","駅からのアクセスもよく、部屋はシンプルかつ清潔でとても快適に過ごせました。アメニティも揃っていて、落ち着いた環境と文字通りけやきの緑で癒やされました。お安い駐車場がもう少し近ければなお良し。問題ない距離ですが駐車するのに一苦労する高架下のスペースでした。","","","midoriii"
"","","","","","","","","","","","","","FALSE","じゃらん","4","2026-04-27","もう何度も利用していますが ホント駅近で雨の日に傘要らずで立地最高です この地域に用がある時は必ずここに泊まります ただ空きがない時もよくあります  ホテルの方も気持ちのいい応対で 満足です  これからも宜しくお願いします","","","もう何度も利用していますが ホント駅近で雨の日に傘要らずで立地最高です この地域に用がある時は必ずここに泊まります ただ空きがない時もよくあります  ホテルの方も気持ちのいい応対で 満足です  これからも宜しくお願いします","","","チョメさん"
"","","","","","","","","","","","","","FALSE","Trip.com","10","2026-04-27","The hotel is close to the train station and shopping mall, it is easy to find food, the hotel receptionist is polite and good service 👍🏼","","","ホテルは駅やショッピングモールに近く、食事場所も見つけやすく、ホテルの受付係は丁寧でサービスも良かったです👍🏼","","","匿‍名‍ユ‍ー‍ザ‍ー"
"","","","","","","","","","","","","","FALSE","Google","5","2026-04-27","立地、客室の綺麗さ、全てにおいて素晴らしかったです。特に部屋が広いのと、写真のように部屋のテレビが大きかったのが良かったです。","","","立地、客室の綺麗さ、全てにおいて素晴らしかったです。特に部屋が広いのと、写真のように部屋のテレビが大きかったのが良かったです。","","","むらかみ"
"","","","","","","","","","","","","","FALSE","じゃらん","5","2026-04-27","会場近くのホテルでしたので利用しました。  朝食は1回だけ追加していただきましたが、お部屋のテレビで見れる混雑情報では混んでいる表記だったものの行ってみると広い会場に3組くらいしかおらず拍子抜けしました笑  近くにコンビニや飲食店も多く、利用しやすいホテルでした。","","","会場近くのホテルでしたので利用しました。  朝食は1回だけ追加していただきましたが、お部屋のテレビで見れる混雑情報では混んでいる表記だったものの行ってみると広い会場に3組くらいしかおらず拍子抜けしました笑  近くにコンビニや飲食店も多く、利用しやすいホテルでした。","","","さっこさん"
"","","","","","","","","","","","","","FALSE","楽天トラベル","5","2026-04-26","とてもきれいなホテルで、ベッドの寝心地が大変良かったです。また利用したいと思えるホテルでした、","","","とてもきれいなホテルで、ベッドの寝心地が大変良かったです。また利用したいと思えるホテルでした、","","","コロンビア4"
"","","","","","","","","","","","","","FALSE","Agoda","10","2026-04-26","初めて利用させていただきましたが、駅からも近く、1階にはドラッグストアやカフェも入っており、近くにはコンビニや書店もあり、ロケーションがとても良かったです。そして、何より清潔感があり、アメニティも程よく充実していたように思います。また機会があれば、是非利用させていただきたいと思います。","","","初めて利用させていただきましたが、駅からも近く、1階にはドラッグストアやカフェも入っており、近くにはコンビニや書店もあり、ロケーションがとても良かったです。そして、何より清潔感があり、アメニティも程よく充実していたように思います。また機会があれば、是非利用させていただきたいと思います。","","","ARA"
"","","","","","","","","","","","","","FALSE","Google","4","2026-04-26","","","","","","","なぁさん"
"","","","","","","","","","","","","","FALSE","Google","5","2026-04-25","接近性、清潔、サービス全体的にとても充実してます。次も利用したいです。(ただ、バッド側のコンセントからの充電はとても遅いです。泊まったその部屋のみか全体的にそうなのかはしりまさんが)","","","接近性、清潔、サービス全体的にとても充実してます。次も利用したいです。(ただ、バッド側のコンセントからの充電はとても遅いです。泊まったその部屋のみか全体的にそうなのかはしりまさんが)","","","JH K"
"","","","","","","","","","","","","","FALSE","楽天トラベル","5","2026-04-25","出張で利用しました。 初めての利用でしたが、府中駅から直結でスムーズにチェックインできました。 当日、雨だったこともありとても助かりました。 また、廊下からの音や隣の部屋の音など全く気にならず、快適でした。 機会があれば、また利用したいです。 ありがとうございました。","","","出張で利用しました。 初めての利用でしたが、府中駅から直結でスムーズにチェックインできました。 当日、雨だったこともありとても助かりました。 また、廊下からの音や隣の部屋の音など全く気にならず、快適でした。 機会があれば、また利用したいです。 ありがとうございました。","","","ポパペン"
"","","","","","","","","","","","","","FALSE","Booking.com","7","2026-04-25","","静かでよい。マイペースで使用出来てよい。","シャワーキャップがあったら良かった。以前はあったような気がして持って来なかった。","","静かでよい。マイペースで使用出来てよい。","シャワーキャップがあったら良かった。以前はあったような気がして持って来なかった。","Kumie"
"","","","","","","","","","","","","","FALSE","Booking.com","10","2026-04-23","","","","","","","Kurumi"
"","","","","","","","","","","","","","FALSE","Agoda","8","2026-04-23","ゆっくりと過ごしたくて泊まりました お部屋でゆったり過ごせました また機会があれば泊まりたいです","","","ゆっくりと過ごしたくて泊まりました お部屋でゆったり過ごせました また機会があれば泊まりたいです","","","HIROMI"
"","","","","","","","","","","","","","FALSE","楽天トラベル","5","2026-04-23","朝食付きプランでも安かったので朝食に期待はそんなにしていませんでしたがとても良かったです。駅直結なのもかなり良いです。","","","朝食付きプランでも安かったので朝食に期待はそんなにしていませんでしたがとても良かったです。駅直結なのもかなり良いです。","","","ハナラッキーパープル"
"","","","","","","","","","","","","","FALSE","楽天トラベル","5","2026-04-23","府中駅から直結で大変便利。 施設・設備も清潔で整っており、お部屋も使いやすく寛げました。ベッドも快適でぐっすり眠ることが出来ました。 朝食も美味しかったです。 東京ドームでのライブ参加のため利用しましたが、不便さは感じず良いホテルに出会えて良かったです。 (今まで利用していた水道橋周辺のホテルは軒並み宿泊費高騰で…) 各スタッフの方の対応も笑顔も好印象で、また機会がありましたら利用させて頂きます。ありがとうございました。","","","府中駅から直結で大変便利。 施設・設備も清潔で整っており、お部屋も使いやすく寛げました。ベッドも快適でぐっすり眠ることが出来ました。 朝食も美味しかったです。 東京ドームでのライブ参加のため利用しましたが、不便さは感じず良いホテルに出会えて良かったです。 (今まで利用していた水道橋周辺のホテルは軒並み宿泊費高騰で…) 各スタッフの方の対応も笑顔も好印象で、また機会がありましたら利用させて頂きます。ありがとうございました。","","","moai37"
"","","","","","","","","","","","","","FALSE","楽天トラベル","4","2026-04-21","部屋は少し狭かったですけど、スタッフの方の対応は大変良かったです。できれば部屋にも鏡があれば良かったです。","","","部屋は少し狭かったですけど、スタッフの方の対応は大変良かったです。できれば部屋にも鏡があれば良かったです。","","","masha3422"
"","","","","","","","","","","","","","FALSE","Booking.com","6","2026-04-21","","","","","","","Koichi"
"","","","","","","","","","","","","","FALSE","Agoda","10","2026-04-20","きれいなホテルで、朝食もおいしいです。空いている時はよく利用しています。","","","きれいなホテルで、朝食もおいしいです。空いている時はよく利用しています。","","","達志"
"","","","","","","","","","","","","","FALSE","楽天トラベル","5","2026-04-19","京王アリーナのイベントに参加してこちらを利用させていただきました。 府中駅隣接で迷わずいけました。 フロントの対応も良く説明も丁寧で部屋も広く 大満足ですごせました。 近くにたくさんお店もあり食べるのにも困りませんが今度は朝食つきにしてみたいです。 また機会があれば利用したいです。","","","京王アリーナのイベントに参加してこちらを利用させていただきました。 府中駅隣接で迷わずいけました。 フロントの対応も良く説明も丁寧で部屋も広く 大満足ですごせました。 近くにたくさんお店もあり食べるのにも困りませんが今度は朝食つきにしてみたいです。 また機会があれば利用したいです。","","","あっくんとママ"
"","","","","","","","","","","","","","FALSE","Trip.com","10","2026-04-19","房間很大 設施也挺好的，就是前台服務過於小心翼翼有點奇怪，可能就是日本人的不安吧","","","部屋は広く設備もかなり良かったのですが、フロントの対応が少し慎重すぎたのが少し不思議でした。もしかしたら日本人特有の神経質さなのかもしれません。","","","ゲ‍ス‍ト"
"","","","","","","","","","","","","","FALSE","Trip.com","10","2026-04-19","中櫸是我三年來 每次來府中必選酒店 沒有之一 前台服務很貼心 有泡澡的葯浴 掛耳咖啡哦","","","過去3年間、福中を訪れる際は必ず中居ホテルを利用しています。フロントの対応は非常に丁寧で、薬草風呂やドリップコーヒーも提供しています。","","","ゲ‍ス‍ト"
"","","","","","","","","","","","","","FALSE","じゃらん","5","2026-04-17","チェックインする日の朝ホテルのチェックアウト時間帯に荷物をお預かり頂き尚且つ荷物が  たくさんあったのでチェックイン前にお部屋に予め運んで頂き大変助かりました。  お部屋も綺麗で、バス・トイレ部分も広く快適でした。  エレベーターのボタンをちゃんと押したつもりが私が押していなかった様でフロント前のドアが開いた時駆けつけて教えて頂き恐縮でした。  ありがとうございました。  チェックアウト時にはダンボールを配送するのですがお部屋から運ぶお手伝いも引き受けて頂き大変助かりました。ありがとうございました。  またそちらの地域に行く事があれば利用したいと考えております。","","","チェックインする日の朝ホテルのチェックアウト時間帯に荷物をお預かり頂き尚且つ荷物が  たくさんあったのでチェックイン前にお部屋に予め運んで頂き大変助かりました。  お部屋も綺麗で、バス・トイレ部分も広く快適でした。  エレベーターのボタンをちゃんと押したつもりが私が押していなかった様でフロント前のドアが開いた時駆けつけて教えて頂き恐縮でした。  ありがとうございました。  チェックアウト時にはダンボールを配送するのですがお部屋から運ぶお手伝いも引き受けて頂き大変助かりました。ありがとうございました。  またそちらの地域に行く事があれば利用したいと考えております。","","","あーさんさん"
"","","","","","","","","","","","","","FALSE","Booking.com","10","2026-04-16","","","","","","","照井"
"","","","","","","","","","","","","","FALSE","Google","1","2026-04-15","泊まりに来たのに、時間制限があってホテルに入らないのが腹がたった","","","泊まりに来たのに、時間制限があってホテルに入らないのが腹がたった","","","c"
"","","","","","","","","","","","","","FALSE","Trip.com","10","2026-04-13","雨が降っていても濡れずにホテルまで行くことができます。ナビを起動させる前にホテルに到着しました。 お部屋も静かで、清潔感があってキレイでした。 また機会があれば利用させてもらおうと思います。","","","雨が降っていても濡れずにホテルまで行くことができます。ナビを起動させる前にホテルに到着しました。 お部屋も静かで、清潔感があってキレイでした。 また機会があれば利用させてもらおうと思います。","","","ゲ‍ス‍ト"
"","","","","","","","","","","","","","FALSE","Agoda","6","2026-04-12","味の素スタジアムでのライブで使用しました。駅からの直結で迷うことなく行け、周辺には食事場所もたくさんあり良かったです✨  しかし、床に私たちの髪型からは考えられない長さの髪が落ちていたり、冷蔵庫の取っ手には埃？クモの巣？みたいなのが付いていて、ちょっと清掃面は残念でした😭  それ以外は快適に過ごせました","","","味の素スタジアムでのライブで使用しました。駅からの直結で迷うことなく行け、周辺には食事場所もたくさんあり良かったです✨  しかし、床に私たちの髪型からは考えられない長さの髪が落ちていたり、冷蔵庫の取っ手には埃？クモの巣？みたいなのが付いていて、ちょっと清掃面は残念でした😭  それ以外は快適に過ごせました","","","Atsuko"
"","","","","","","","","","","","","","FALSE","楽天トラベル","4","2026-04-12","3回目の利用になります。前回２回は駅側の部屋でしたが、今回は道路側の低層階でした。 夜中にトラックや、やんちゃな車の音が気になりました。 それ以外は朝食を含めて満足なので、また利用します。","","","3回目の利用になります。前回２回は駅側の部屋でしたが、今回は道路側の低層階でした。 夜中にトラックや、やんちゃな車の音が気になりました。 それ以外は朝食を含めて満足なので、また利用します。","","","hunchakapa"
"","","","","","","","","","","","","","FALSE","Booking.com","8","2026-04-11","","","","","","","Makiko"
"","","","","","","","","","","","","","FALSE","Google","5","2026-04-11","","","","","","","Takeshi Kawajiri"
"","","","","","","","","","","","","","FALSE","Agoda","9","2026-04-11","部屋も広くてきれいでゆっくり過ごせたと家族談でした。","","","部屋も広くてきれいでゆっくり過ごせたと家族談でした。","","","HIRO"
"","","","","","","","","","","","","","FALSE","じゃらん","5","2026-04-11","とても清潔感のあるホテルでした。  朝食はブッフェ形式で、全部美味しかったです。  交通の便も良く、機会があればまた利用させて  頂きたいです。","","","とても清潔感のあるホテルでした。  朝食はブッフェ形式で、全部美味しかったです。  交通の便も良く、機会があればまた利用させて  頂きたいです。","","","ゆうやさん"
"","","","","","","","","","","","","","FALSE","楽天トラベル","5","2026-04-10","最高にお気に入りのホテルです。 フロントのレギュラーコーヒーが嬉しいです。","","","最高にお気に入りのホテルです。 フロントのレギュラーコーヒーが嬉しいです。","","","yacchi1209"
"","","","","","","","","","","","","","FALSE","じゃらん","5","2026-04-10","よい宿でした。部屋の清掃ができていて綺麗で広くて快適でした。また府中に用事があるときは利用したいと思います。","","","よい宿でした。部屋の清掃ができていて綺麗で広くて快適でした。また府中に用事があるときは利用したいと思います。","","","だいさん"
"","","","","","","","","","","","","","FALSE","楽天トラベル","1","2026-04-09","利便性の面でいつも家族共々お世話になっていました。 今回も連泊しましたが、朝外出する際「ベッドの隙間に落としてしまった目薬」について、見つかったら取っておいてくださいとフロントの方にお伝えしました。  部屋に戻ると、枕元にさしてあったスマホの充電器と目薬がテレビ前(テレビ下にも)に投げられおり、目を疑いました。 普通なら連泊で充電器をわざわざ抜かれたことはないですし、掃除の際邪魔でスマホの充電器を抜いたとしても、テレビ前に投げることは無いと思います。 何故「抜いてくださった」と思わず「適当に投げられた」と感じたかと言うと、コードをまとめようとした痕跡もなく、更にコンセント部分もコードもテレビ下のホコリまみれの所にまで潜り込み、そしてお願いしていた目薬はそのくるっとなったコードの上に倒れて斜めに適当に置かれており、共にホコリまみれになり汚れていたこと。考えられず、除菌シートを買いにコンビニに行ったほどでした。歯磨きの際のコップ等も不潔に感じ、紙コップも購入しに行きました。 そして、寝る時には、シーツに経血がついており、更に不快に思いました。 コインランドリーも洗濯と乾燥に分かれていましたが全く掃除がされておらず、不潔でした。 フロントの方はこの価格でしたら許容範囲かと思いますが、清掃と連泊者の部屋の物の処理に対しとても不快に思い、物も無くなったのではないか・他のものも適当に触られたのではないか・ちゃんと掃除されていないのではないかと気持ち悪く感じました。 キャンセル料はかかりましたが、とても不潔で不快でしたので、フロントの方には何もお伝えせず最後の２日はキャンセル致しました。 何事もそうですが、寝泊まりし物を置き連泊するのですからホテル業は特に信頼が大切です。 ぞんざいに扱わず、ある程度は宿泊客として扱った方がトラブルにならないと思います。 安価なホテルとは言え酷いホテルで、今まで信頼し泊まってきた事にゾッとしました。","","","利便性の面でいつも家族共々お世話になっていました。 今回も連泊しましたが、朝外出する際「ベッドの隙間に落としてしまった目薬」について、見つかったら取っておいてくださいとフロントの方にお伝えしました。  部屋に戻ると、枕元にさしてあったスマホの充電器と目薬がテレビ前(テレビ下にも)に投げられおり、目を疑いました。 普通なら連泊で充電器をわざわざ抜かれたことはないですし、掃除の際邪魔でスマホの充電器を抜いたとしても、テレビ前に投げることは無いと思います。 何故「抜いてくださった」と思わず「適当に投げられた」と感じたかと言うと、コードをまとめようとした痕跡もなく、更にコンセント部分もコードもテレビ下のホコリまみれの所にまで潜り込み、そしてお願いしていた目薬はそのくるっとなったコードの上に倒れて斜めに適当に置かれており、共にホコリまみれになり汚れていたこと。考えられず、除菌シートを買いにコンビニに行ったほどでした。歯磨きの際のコップ等も不潔に感じ、紙コップも購入しに行きました。 そして、寝る時には、シーツに経血がついており、更に不快に思いました。 コインランドリーも洗濯と乾燥に分かれていましたが全く掃除がされておらず、不潔でした。 フロントの方はこの価格でしたら許容範囲かと思いますが、清掃と連泊者の部屋の物の処理に対しとても不快に思い、物も無くなったのではないか・他のものも適当に触られたのではないか・ちゃんと掃除されていないのではないかと気持ち悪く感じました。 キャンセル料はかかりましたが、とても不潔で不快でしたので、フロントの方には何もお伝えせず最後の２日はキャンセル致しました。 何事もそうですが、寝泊まりし物を置き連泊するのですからホテル業は特に信頼が大切です。 ぞんざいに扱わず、ある程度は宿泊客として扱った方がトラブルにならないと思います。 安価なホテルとは言え酷いホテルで、今まで信頼し泊まってきた事にゾッとしました。","","","不明"
"","","","","","","","","","","","","","FALSE","じゃらん","5","2026-04-09","1週間の東京出張で利用させていただきました。  部屋は広々としており荷物を置いても十分なスペースを確保できて各作業も問題なく捗りました。  朝食も綺麗で席に余裕がある会場が用意されておりメニューも満足できる物でした。個人的に焼き魚が毎日用意してあるのがありがたかったです。  昨今の物価高でこの値段でこのサービスを提供できるのは素晴らしいと思います。次回こちらに用事がある際にはやや遠方となってもまた利用させていただきたいです。","","","1週間の東京出張で利用させていただきました。  部屋は広々としており荷物を置いても十分なスペースを確保できて各作業も問題なく捗りました。  朝食も綺麗で席に余裕がある会場が用意されておりメニューも満足できる物でした。個人的に焼き魚が毎日用意してあるのがありがたかったです。  昨今の物価高でこの値段でこのサービスを提供できるのは素晴らしいと思います。次回こちらに用事がある際にはやや遠方となってもまた利用させていただきたいです。","","","KOUさん"
"","","","","","","","","","","","","","FALSE","楽天トラベル","4","2026-04-08","本文なし","","","本文なし","","","パープルYU"
"","","","","","","","","","","","","","FALSE","Google","1","2026-04-08","これまで何度も利用してきましたが、今回は本当に我慢できません。 こんなコメントを書くのは初めてです。  これまで部屋の清潔さや接客については、正直「完璧ではない」と感じることもありましたが、自宅から近く、孫に会うため立地を優先して利用していました。 しかし今回は、そのような理由で利用していたことを後悔するレベルの対応でした。 じゃらんで事前に予約しているにもかかわらず、チェックイン時に「予約が見つからない」と言われ、夜遅い時間に30分以上も待たされました。同行していた70代の家族は、夜便の長距離フライト直後で疲れ切っている状態でした。 それにもかかわらず、スタッフから十分な説明も謝罪もなく、最終的に「ありました」とだけ言われました。あまりにも配慮に欠ける対応で、本当に信じられない思いでした。 予約システムの問題があったとしても、その後の対応は完全に接客・教育の問題だと感じます。利用者の状況を考えた最低限の配慮があってしかるべきではないでしょうか。 これまで多少の不満には目をつぶってきましたが、今回の件で信頼は完全に失われました。 今後の利用は考えられません。基本的な接客対応の改善を強く求めます。","","","これまで何度も利用してきましたが、今回は本当に我慢できません。 こんなコメントを書くのは初めてです。  これまで部屋の清潔さや接客については、正直「完璧ではない」と感じることもありましたが、自宅から近く、孫に会うため立地を優先して利用していました。 しかし今回は、そのような理由で利用していたことを後悔するレベルの対応でした。 じゃらんで事前に予約しているにもかかわらず、チェックイン時に「予約が見つからない」と言われ、夜遅い時間に30分以上も待たされました。同行していた70代の家族は、夜便の長距離フライト直後で疲れ切っている状態でした。 それにもかかわらず、スタッフから十分な説明も謝罪もなく、最終的に「ありました」とだけ言われました。あまりにも配慮に欠ける対応で、本当に信じられない思いでした。 予約システムの問題があったとしても、その後の対応は完全に接客・教育の問題だと感じます。利用者の状況を考えた最低限の配慮があってしかるべきではないでしょうか。 これまで多少の不満には目をつぶってきましたが、今回の件で信頼は完全に失われました。 今後の利用は考えられません。基本的な接客対応の改善を強く求めます。","","","B"
"","","","","","","","","","","","","","FALSE","楽天トラベル","4","2026-04-07","立地条件も良く(駅近)けやき通りに面しているので気持ちも良かったです。 室内もとてもきれいです。朝食も美味しかったのですがデザートにフルーツがあれば尚良かったと思います。 ドリンク用に紙コップとグラスがあったのですがカップがあればよいと思いました。 ","","","立地条件も良く(駅近)けやき通りに面しているので気持ちも良かったです。 室内もとてもきれいです。朝食も美味しかったのですがデザートにフルーツがあれば尚良かったと思います。 ドリンク用に紙コップとグラスがあったのですがカップがあればよいと思いました。 ","","","ネコ２２41"
"","","","","","","","","","","","","","FALSE","Booking.com","7","2026-04-07","","La disponibilité du personnel à l'écoute des clients de l'hôtel. J'ai apprécié notamment l'aide apportée pour le changement de carte SIM. La chambre était spacieuse et confortable.","Le petit déjeuner aurait pu être de meilleure qualité notamment pour les viennoiseries et le café","","スタッフの方々はとても親切で、宿泊客のニーズにきめ細やかに対応してくれました。特にSIMカードの交換を手伝ってくれたことに感謝しています。部屋は広々としていて快適でした。","朝食はもっと質の良いものにできたはずだ。特にペストリーとコーヒーは。","Christine"
"","","","","","","","","","","","","","FALSE","Booking.com","8","2026-04-06","","Very close to train station  My room was very quiet and bed comfy","","","駅にとても近く、部屋はとても静かでベッドも快適でした。","","Dianne"
"","","","","","","","","","","","","","FALSE","楽天トラベル","5","2026-04-05","府中駅からすぐの立地で本当に便利です。お部屋も綺麗、バスルームも広めでアメニティグッツも充実してます。フロントの方も親切で府中にくるかたへぜひおすすめしたいホテルです。 ","","","府中駅からすぐの立地で本当に便利です。お部屋も綺麗、バスルームも広めでアメニティグッツも充実してます。フロントの方も親切で府中にくるかたへぜひおすすめしたいホテルです。 ","","","kokorokorokoro"
"","","","","","","","","","","","","","FALSE","じゃらん","5","2026-04-04","昨年に引き続き2回目の利用です。部屋もキレイで居心地も良いです。朝食のメニューは少ないけど、非常に美味しくいただきました。スマホの動画をテレビへ転送できるシステムも良かったです。","","","昨年に引き続き2回目の利用です。部屋もキレイで居心地も良いです。朝食のメニューは少ないけど、非常に美味しくいただきました。スマホの動画をテレビへ転送できるシステムも良かったです。","","","nisihiさん"